,exp_name,acc,val_acc,best_epoch_acc,best_epoch_val_acc,dense_units,amount_lstm,lstm_1_units,lstm_2_units,lstm_3_units,dropout,dropout_recurrent
0,"{'dense_units': 90, 'amount_lstm': 1, 'lstm_1_units': 90, 'lstm_2_units': 30, 'lstm_3_units': 15, 'dropout': 0.0, 'dropout_recurrent': 0.0}",0.6742323040962219,0.5120000243186951,39,30,90,1,90,30,15,0.0,0.0
0,"{'dense_units': 90, 'amount_lstm': 1, 'lstm_1_units': 90, 'lstm_2_units': 30, 'lstm_3_units': 15, 'dropout': 0.0, 'dropout_recurrent': 0.35}",0.6555407047271729,0.5440000295639038,81,71,90,1,90,30,15,0.0,0.35
0,"{'dense_units': 90, 'amount_lstm': 1, 'lstm_1_units': 90, 'lstm_2_units': 30, 'lstm_3_units': 15, 'dropout': 0.35, 'dropout_recurrent': 0.0}",0.8304405808448792,0.6919999718666077,80,67,90,1,90,30,15,0.35,0.0
0,"{'dense_units': 90, 'amount_lstm': 1, 'lstm_1_units': 90, 'lstm_2_units': 30, 'lstm_3_units': 15, 'dropout': 0.35, 'dropout_recurrent': 0.35}",0.7610146999359131,0.7400000095367432,127,123,90,1,90,30,15,0.35,0.35
0,"{'dense_units': 90, 'amount_lstm': 1, 'lstm_1_units': 90, 'lstm_2_units': 30, 'lstm_3_units': 10, 'dropout': 0.0, 'dropout_recurrent': 0.0}",0.7356475591659546,0.5479999780654907,46,37,90,1,90,30,10,0.0,0.0
0,"{'dense_units': 90, 'amount_lstm': 1, 'lstm_1_units': 90, 'lstm_2_units': 30, 'lstm_3_units': 10, 'dropout': 0.0, 'dropout_recurrent': 0.35}",0.7623497843742371,0.6240000128746033,74,70,90,1,90,30,10,0.0,0.35
0,"{'dense_units': 90, 'amount_lstm': 1, 'lstm_1_units': 90, 'lstm_2_units': 30, 'lstm_3_units': 10, 'dropout': 0.35, 'dropout_recurrent': 0.0}",0.6648865342140198,0.5640000104904175,35,40,90,1,90,30,10,0.35,0.0
0,"{'dense_units': 90, 'amount_lstm': 1, 'lstm_1_units': 90, 'lstm_2_units': 30, 'lstm_3_units': 10, 'dropout': 0.35, 'dropout_recurrent': 0.35}",0.8277703523635864,0.7720000147819519,179,175,90,1,90,30,10,0.35,0.35
0,"{'dense_units': 90, 'amount_lstm': 1, 'lstm_1_units': 90, 'lstm_2_units': 20, 'lstm_3_units': 15, 'dropout': 0.0, 'dropout_recurrent': 0.0}",0.7476635575294495,0.5759999752044678,49,46,90,1,90,20,15,0.0,0.0
0,"{'dense_units': 90, 'amount_lstm': 1, 'lstm_1_units': 90, 'lstm_2_units': 20, 'lstm_3_units': 15, 'dropout': 0.0, 'dropout_recurrent': 0.35}",0.8504672646522522,0.7120000123977661,76,76,90,1,90,20,15,0.0,0.35
0,"{'dense_units': 90, 'amount_lstm': 1, 'lstm_1_units': 90, 'lstm_2_units': 20, 'lstm_3_units': 15, 'dropout': 0.35, 'dropout_recurrent': 0.0}",0.8651535511016846,0.7400000095367432,86,82,90,1,90,20,15,0.35,0.0
0,"{'dense_units': 90, 'amount_lstm': 1, 'lstm_1_units': 90, 'lstm_2_units': 20, 'lstm_3_units': 15, 'dropout': 0.35, 'dropout_recurrent': 0.35}",0.6381842494010925,0.6119999885559082,110,107,90,1,90,20,15,0.35,0.35
0,"{'dense_units': 90, 'amount_lstm': 1, 'lstm_1_units': 90, 'lstm_2_units': 20, 'lstm_3_units': 10, 'dropout': 0.0, 'dropout_recurrent': 0.0}",0.6074766516685486,0.46799999475479126,39,36,90,1,90,20,10,0.0,0.0
0,"{'dense_units': 90, 'amount_lstm': 1, 'lstm_1_units': 90, 'lstm_2_units': 20, 'lstm_3_units': 10, 'dropout': 0.0, 'dropout_recurrent': 0.35}",0.7596795558929443,0.656000018119812,96,96,90,1,90,20,10,0.0,0.35
0,"{'dense_units': 90, 'amount_lstm': 1, 'lstm_1_units': 90, 'lstm_2_units': 20, 'lstm_3_units': 10, 'dropout': 0.35, 'dropout_recurrent': 0.0}",0.8651535511016846,0.7519999742507935,83,77,90,1,90,20,10,0.35,0.0
0,"{'dense_units': 90, 'amount_lstm': 1, 'lstm_1_units': 90, 'lstm_2_units': 20, 'lstm_3_units': 10, 'dropout': 0.35, 'dropout_recurrent': 0.35}",0.8397864103317261,0.7919999957084656,163,150,90,1,90,20,10,0.35,0.35
0,"{'dense_units': 90, 'amount_lstm': 1, 'lstm_1_units': 45, 'lstm_2_units': 30, 'lstm_3_units': 15, 'dropout': 0.0, 'dropout_recurrent': 0.0}",0.6782376766204834,0.5839999914169312,50,44,90,1,45,30,15,0.0,0.0
0,"{'dense_units': 90, 'amount_lstm': 1, 'lstm_1_units': 45, 'lstm_2_units': 30, 'lstm_3_units': 15, 'dropout': 0.0, 'dropout_recurrent': 0.35}",0.7530040144920349,0.6480000019073486,103,111,90,1,45,30,15,0.0,0.35
0,"{'dense_units': 90, 'amount_lstm': 1, 'lstm_1_units': 45, 'lstm_2_units': 30, 'lstm_3_units': 15, 'dropout': 0.35, 'dropout_recurrent': 0.0}",0.8611481785774231,0.7279999852180481,115,113,90,1,45,30,15,0.35,0.0
0,"{'dense_units': 90, 'amount_lstm': 1, 'lstm_1_units': 45, 'lstm_2_units': 30, 'lstm_3_units': 15, 'dropout': 0.35, 'dropout_recurrent': 0.35}",0.6902536749839783,0.6919999718666077,132,123,90,1,45,30,15,0.35,0.35
0,"{'dense_units': 90, 'amount_lstm': 1, 'lstm_1_units': 45, 'lstm_2_units': 30, 'lstm_3_units': 10, 'dropout': 0.0, 'dropout_recurrent': 0.0}",0.8037382960319519,0.6639999747276306,83,75,90,1,45,30,10,0.0,0.0
0,"{'dense_units': 90, 'amount_lstm': 1, 'lstm_1_units': 45, 'lstm_2_units': 30, 'lstm_3_units': 10, 'dropout': 0.0, 'dropout_recurrent': 0.35}",0.8184245824813843,0.7200000286102295,87,77,90,1,45,30,10,0.0,0.35
0,"{'dense_units': 90, 'amount_lstm': 1, 'lstm_1_units': 45, 'lstm_2_units': 30, 'lstm_3_units': 10, 'dropout': 0.35, 'dropout_recurrent': 0.0}",0.8050734400749207,0.6880000233650208,95,96,90,1,45,30,10,0.35,0.0
0,"{'dense_units': 90, 'amount_lstm': 1, 'lstm_1_units': 45, 'lstm_2_units': 30, 'lstm_3_units': 10, 'dropout': 0.35, 'dropout_recurrent': 0.35}",0.5807743668556213,0.5680000185966492,132,132,90,1,45,30,10,0.35,0.35
0,"{'dense_units': 90, 'amount_lstm': 1, 'lstm_1_units': 45, 'lstm_2_units': 20, 'lstm_3_units': 15, 'dropout': 0.0, 'dropout_recurrent': 0.0}",0.6275033354759216,0.5040000081062317,41,37,90,1,45,20,15,0.0,0.0
0,"{'dense_units': 90, 'amount_lstm': 1, 'lstm_1_units': 45, 'lstm_2_units': 20, 'lstm_3_units': 15, 'dropout': 0.0, 'dropout_recurrent': 0.35}",0.7276368737220764,0.6480000019073486,74,74,90,1,45,20,15,0.0,0.35
0,"{'dense_units': 90, 'amount_lstm': 1, 'lstm_1_units': 45, 'lstm_2_units': 20, 'lstm_3_units': 15, 'dropout': 0.35, 'dropout_recurrent': 0.0}",0.791722297668457,0.6840000152587891,67,58,90,1,45,20,15,0.35,0.0
0,"{'dense_units': 90, 'amount_lstm': 1, 'lstm_1_units': 45, 'lstm_2_units': 20, 'lstm_3_units': 15, 'dropout': 0.35, 'dropout_recurrent': 0.35}",0.7116155028343201,0.7080000042915344,148,149,90,1,45,20,15,0.35,0.35
0,"{'dense_units': 90, 'amount_lstm': 1, 'lstm_1_units': 45, 'lstm_2_units': 20, 'lstm_3_units': 10, 'dropout': 0.0, 'dropout_recurrent': 0.0}",0.7249666452407837,0.6159999966621399,78,77,90,1,45,20,10,0.0,0.0
0,"{'dense_units': 90, 'amount_lstm': 1, 'lstm_1_units': 45, 'lstm_2_units': 20, 'lstm_3_units': 10, 'dropout': 0.0, 'dropout_recurrent': 0.35}",0.8117489814758301,0.7200000286102295,91,85,90,1,45,20,10,0.0,0.35
0,"{'dense_units': 90, 'amount_lstm': 1, 'lstm_1_units': 45, 'lstm_2_units': 20, 'lstm_3_units': 10, 'dropout': 0.35, 'dropout_recurrent': 0.0}",0.7890520691871643,0.7440000176429749,92,80,90,1,45,20,10,0.35,0.0
0,"{'dense_units': 90, 'amount_lstm': 1, 'lstm_1_units': 45, 'lstm_2_units': 20, 'lstm_3_units': 10, 'dropout': 0.35, 'dropout_recurrent': 0.35}",0.7182910442352295,0.6840000152587891,170,177,90,1,45,20,10,0.35,0.35
0,"{'dense_units': 90, 'amount_lstm': 2, 'lstm_1_units': 90, 'lstm_2_units': 30, 'lstm_3_units': 15, 'dropout': 0.0, 'dropout_recurrent': 0.0}",0.7530040144920349,0.6000000238418579,66,64,90,2,90,30,15,0.0,0.0
0,"{'dense_units': 90, 'amount_lstm': 2, 'lstm_1_units': 90, 'lstm_2_units': 30, 'lstm_3_units': 15, 'dropout': 0.0, 'dropout_recurrent': 0.35}",0.8357810378074646,0.656000018119812,108,104,90,2,90,30,15,0.0,0.35
0,"{'dense_units': 90, 'amount_lstm': 2, 'lstm_1_units': 90, 'lstm_2_units': 30, 'lstm_3_units': 15, 'dropout': 0.35, 'dropout_recurrent': 0.0}",0.7890520691871643,0.6600000262260437,119,118,90,2,90,30,15,0.35,0.0
0,"{'dense_units': 90, 'amount_lstm': 2, 'lstm_1_units': 90, 'lstm_2_units': 30, 'lstm_3_units': 15, 'dropout': 0.35, 'dropout_recurrent': 0.35}",0.3644859790802002,0.41200000047683716,56,54,90,2,90,30,15,0.35,0.35
0,"{'dense_units': 90, 'amount_lstm': 2, 'lstm_1_units': 90, 'lstm_2_units': 30, 'lstm_3_units': 10, 'dropout': 0.0, 'dropout_recurrent': 0.0}",0.8357810378074646,0.6520000100135803,68,64,90,2,90,30,10,0.0,0.0
0,"{'dense_units': 90, 'amount_lstm': 2, 'lstm_1_units': 90, 'lstm_2_units': 30, 'lstm_3_units': 10, 'dropout': 0.0, 'dropout_recurrent': 0.35}",0.6915887594223022,0.5960000157356262,79,83,90,2,90,30,10,0.0,0.35
0,"{'dense_units': 90, 'amount_lstm': 2, 'lstm_1_units': 90, 'lstm_2_units': 30, 'lstm_3_units': 10, 'dropout': 0.35, 'dropout_recurrent': 0.0}",0.5914552807807922,0.492000013589859,53,47,90,2,90,30,10,0.35,0.0
0,"{'dense_units': 90, 'amount_lstm': 2, 'lstm_1_units': 90, 'lstm_2_units': 30, 'lstm_3_units': 10, 'dropout': 0.35, 'dropout_recurrent': 0.35}",0.534045398235321,0.5199999809265137,85,84,90,2,90,30,10,0.35,0.35
0,"{'dense_units': 90, 'amount_lstm': 2, 'lstm_1_units': 90, 'lstm_2_units': 20, 'lstm_3_units': 15, 'dropout': 0.0, 'dropout_recurrent': 0.0}",0.8090787529945374,0.6000000238418579,82,84,90,2,90,20,15,0.0,0.0
0,"{'dense_units': 90, 'amount_lstm': 2, 'lstm_1_units': 90, 'lstm_2_units': 20, 'lstm_3_units': 15, 'dropout': 0.0, 'dropout_recurrent': 0.35}",0.8104138970375061,0.6840000152587891,117,117,90,2,90,20,15,0.0,0.35
0,"{'dense_units': 90, 'amount_lstm': 2, 'lstm_1_units': 90, 'lstm_2_units': 20, 'lstm_3_units': 15, 'dropout': 0.35, 'dropout_recurrent': 0.0}",0.672897219657898,0.6240000128746033,54,59,90,2,90,20,15,0.35,0.0
0,"{'dense_units': 90, 'amount_lstm': 2, 'lstm_1_units': 90, 'lstm_2_units': 20, 'lstm_3_units': 15, 'dropout': 0.35, 'dropout_recurrent': 0.35}",0.534045398235321,0.5040000081062317,124,128,90,2,90,20,15,0.35,0.35
0,"{'dense_units': 90, 'amount_lstm': 2, 'lstm_1_units': 90, 'lstm_2_units': 20, 'lstm_3_units': 10, 'dropout': 0.0, 'dropout_recurrent': 0.0}",0.4245660901069641,0.35199999809265137,22,21,90,2,90,20,10,0.0,0.0
0,"{'dense_units': 90, 'amount_lstm': 2, 'lstm_1_units': 90, 'lstm_2_units': 20, 'lstm_3_units': 10, 'dropout': 0.0, 'dropout_recurrent': 0.35}",0.644859790802002,0.5519999861717224,61,63,90,2,90,20,10,0.0,0.35
0,"{'dense_units': 90, 'amount_lstm': 2, 'lstm_1_units': 90, 'lstm_2_units': 20, 'lstm_3_units': 10, 'dropout': 0.35, 'dropout_recurrent': 0.0}",0.5313751697540283,0.47600001096725464,48,51,90,2,90,20,10,0.35,0.0
0,"{'dense_units': 90, 'amount_lstm': 2, 'lstm_1_units': 90, 'lstm_2_units': 20, 'lstm_3_units': 10, 'dropout': 0.35, 'dropout_recurrent': 0.35}",0.6261682510375977,0.5839999914169312,148,154,90,2,90,20,10,0.35,0.35
0,"{'dense_units': 90, 'amount_lstm': 2, 'lstm_1_units': 45, 'lstm_2_units': 30, 'lstm_3_units': 15, 'dropout': 0.0, 'dropout_recurrent': 0.0}",0.6328437924385071,0.492000013589859,57,61,90,2,45,30,15,0.0,0.0
0,"{'dense_units': 90, 'amount_lstm': 2, 'lstm_1_units': 45, 'lstm_2_units': 30, 'lstm_3_units': 15, 'dropout': 0.0, 'dropout_recurrent': 0.35}",0.8491321802139282,0.6919999718666077,134,126,90,2,45,30,15,0.0,0.35
0,"{'dense_units': 90, 'amount_lstm': 2, 'lstm_1_units': 45, 'lstm_2_units': 30, 'lstm_3_units': 15, 'dropout': 0.35, 'dropout_recurrent': 0.0}",0.4926568865776062,0.41200000047683716,56,47,90,2,45,30,15,0.35,0.0
0,"{'dense_units': 90, 'amount_lstm': 2, 'lstm_1_units': 45, 'lstm_2_units': 30, 'lstm_3_units': 15, 'dropout': 0.35, 'dropout_recurrent': 0.35}",0.292389839887619,0.2879999876022339,48,42,90,2,45,30,15,0.35,0.35
0,"{'dense_units': 90, 'amount_lstm': 2, 'lstm_1_units': 45, 'lstm_2_units': 30, 'lstm_3_units': 10, 'dropout': 0.0, 'dropout_recurrent': 0.0}",0.7583444714546204,0.5360000133514404,57,53,90,2,45,30,10,0.0,0.0
0,"{'dense_units': 90, 'amount_lstm': 2, 'lstm_1_units': 45, 'lstm_2_units': 30, 'lstm_3_units': 10, 'dropout': 0.0, 'dropout_recurrent': 0.35}",0.7823765277862549,0.656000018119812,86,72,90,2,45,30,10,0.0,0.35
0,"{'dense_units': 90, 'amount_lstm': 2, 'lstm_1_units': 45, 'lstm_2_units': 30, 'lstm_3_units': 10, 'dropout': 0.35, 'dropout_recurrent': 0.0}",0.7316421866416931,0.6679999828338623,115,119,90,2,45,30,10,0.35,0.0
0,"{'dense_units': 90, 'amount_lstm': 2, 'lstm_1_units': 45, 'lstm_2_units': 30, 'lstm_3_units': 10, 'dropout': 0.35, 'dropout_recurrent': 0.35}",0.5714285969734192,0.5400000214576721,138,142,90,2,45,30,10,0.35,0.35
0,"{'dense_units': 90, 'amount_lstm': 2, 'lstm_1_units': 45, 'lstm_2_units': 20, 'lstm_3_units': 15, 'dropout': 0.0, 'dropout_recurrent': 0.0}",0.6181575655937195,0.5,37,35,90,2,45,20,15,0.0,0.0
0,"{'dense_units': 90, 'amount_lstm': 2, 'lstm_1_units': 45, 'lstm_2_units': 20, 'lstm_3_units': 15, 'dropout': 0.0, 'dropout_recurrent': 0.35}",0.6515353918075562,0.5720000267028809,56,54,90,2,45,20,15,0.0,0.35
0,"{'dense_units': 90, 'amount_lstm': 2, 'lstm_1_units': 45, 'lstm_2_units': 20, 'lstm_3_units': 15, 'dropout': 0.35, 'dropout_recurrent': 0.0}",0.6515353918075562,0.5600000023841858,67,60,90,2,45,20,15,0.35,0.0
0,"{'dense_units': 90, 'amount_lstm': 2, 'lstm_1_units': 45, 'lstm_2_units': 20, 'lstm_3_units': 15, 'dropout': 0.35, 'dropout_recurrent': 0.35}",0.49132177233695984,0.48399999737739563,124,95,90,2,45,20,15,0.35,0.35
0,"{'dense_units': 90, 'amount_lstm': 2, 'lstm_1_units': 45, 'lstm_2_units': 20, 'lstm_3_units': 10, 'dropout': 0.0, 'dropout_recurrent': 0.0}",0.563417911529541,0.492000013589859,44,42,90,2,45,20,10,0.0,0.0
0,"{'dense_units': 90, 'amount_lstm': 2, 'lstm_1_units': 45, 'lstm_2_units': 20, 'lstm_3_units': 10, 'dropout': 0.0, 'dropout_recurrent': 0.35}",0.8451268076896667,0.7400000095367432,111,101,90,2,45,20,10,0.0,0.35
0,"{'dense_units': 90, 'amount_lstm': 2, 'lstm_1_units': 45, 'lstm_2_units': 20, 'lstm_3_units': 10, 'dropout': 0.35, 'dropout_recurrent': 0.0}",0.5126835703849792,0.4880000054836273,42,41,90,2,45,20,10,0.35,0.0
0,"{'dense_units': 90, 'amount_lstm': 2, 'lstm_1_units': 45, 'lstm_2_units': 20, 'lstm_3_units': 10, 'dropout': 0.35, 'dropout_recurrent': 0.35}",0.6008010506629944,0.5799999833106995,169,168,90,2,45,20,10,0.35,0.35
0,"{'dense_units': 90, 'amount_lstm': 3, 'lstm_1_units': 90, 'lstm_2_units': 30, 'lstm_3_units': 15, 'dropout': 0.0, 'dropout_recurrent': 0.0}",0.5981308221817017,0.5080000162124634,57,64,90,3,90,30,15,0.0,0.0
0,"{'dense_units': 90, 'amount_lstm': 3, 'lstm_1_units': 90, 'lstm_2_units': 30, 'lstm_3_units': 15, 'dropout': 0.0, 'dropout_recurrent': 0.35}",0.5300400257110596,0.5080000162124634,70,64,90,3,90,30,15,0.0,0.35
0,"{'dense_units': 90, 'amount_lstm': 3, 'lstm_1_units': 90, 'lstm_2_units': 30, 'lstm_3_units': 15, 'dropout': 0.35, 'dropout_recurrent': 0.0}",0.6809079051017761,0.6039999723434448,85,85,90,3,90,30,15,0.35,0.0
0,"{'dense_units': 90, 'amount_lstm': 3, 'lstm_1_units': 90, 'lstm_2_units': 30, 'lstm_3_units': 15, 'dropout': 0.35, 'dropout_recurrent': 0.35}",0.37383177876472473,0.3720000088214874,73,66,90,3,90,30,15,0.35,0.35
0,"{'dense_units': 90, 'amount_lstm': 3, 'lstm_1_units': 90, 'lstm_2_units': 30, 'lstm_3_units': 10, 'dropout': 0.0, 'dropout_recurrent': 0.0}",0.6915887594223022,0.5440000295639038,75,69,90,3,90,30,10,0.0,0.0
0,"{'dense_units': 90, 'amount_lstm': 3, 'lstm_1_units': 90, 'lstm_2_units': 30, 'lstm_3_units': 10, 'dropout': 0.0, 'dropout_recurrent': 0.35}",0.7263017296791077,0.6320000290870667,105,103,90,3,90,30,10,0.0,0.35
0,"{'dense_units': 90, 'amount_lstm': 3, 'lstm_1_units': 90, 'lstm_2_units': 30, 'lstm_3_units': 10, 'dropout': 0.35, 'dropout_recurrent': 0.0}",0.4779706299304962,0.5040000081062317,48,49,90,3,90,30,10,0.35,0.0
0,"{'dense_units': 90, 'amount_lstm': 3, 'lstm_1_units': 90, 'lstm_2_units': 30, 'lstm_3_units': 10, 'dropout': 0.35, 'dropout_recurrent': 0.35}",0.28037384152412415,0.2919999957084656,64,50,90,3,90,30,10,0.35,0.35
0,"{'dense_units': 90, 'amount_lstm': 3, 'lstm_1_units': 90, 'lstm_2_units': 20, 'lstm_3_units': 15, 'dropout': 0.0, 'dropout_recurrent': 0.0}",0.563417911529541,0.46799999475479126,65,73,90,3,90,20,15,0.0,0.0
0,"{'dense_units': 90, 'amount_lstm': 3, 'lstm_1_units': 90, 'lstm_2_units': 20, 'lstm_3_units': 15, 'dropout': 0.0, 'dropout_recurrent': 0.35}",0.5393858551979065,0.4959999918937683,55,47,90,3,90,20,15,0.0,0.35
0,"{'dense_units': 90, 'amount_lstm': 3, 'lstm_1_units': 90, 'lstm_2_units': 20, 'lstm_3_units': 15, 'dropout': 0.35, 'dropout_recurrent': 0.0}",0.5740988254547119,0.5640000104904175,60,54,90,3,90,20,15,0.35,0.0
0,"{'dense_units': 90, 'amount_lstm': 3, 'lstm_1_units': 90, 'lstm_2_units': 20, 'lstm_3_units': 15, 'dropout': 0.35, 'dropout_recurrent': 0.35}",0.26969292759895325,0.25200000405311584,43,28,90,3,90,20,15,0.35,0.35
0,"{'dense_units': 90, 'amount_lstm': 3, 'lstm_1_units': 90, 'lstm_2_units': 20, 'lstm_3_units': 10, 'dropout': 0.0, 'dropout_recurrent': 0.0}",0.7276368737220764,0.5799999833106995,88,95,90,3,90,20,10,0.0,0.0
0,"{'dense_units': 90, 'amount_lstm': 3, 'lstm_1_units': 90, 'lstm_2_units': 20, 'lstm_3_units': 10, 'dropout': 0.0, 'dropout_recurrent': 0.35}",0.4218958616256714,0.4359999895095825,48,39,90,3,90,20,10,0.0,0.35
0,"{'dense_units': 90, 'amount_lstm': 3, 'lstm_1_units': 90, 'lstm_2_units': 20, 'lstm_3_units': 10, 'dropout': 0.35, 'dropout_recurrent': 0.0}",0.7062750458717346,0.6039999723434448,123,104,90,3,90,20,10,0.35,0.0
0,"{'dense_units': 90, 'amount_lstm': 3, 'lstm_1_units': 90, 'lstm_2_units': 20, 'lstm_3_units': 10, 'dropout': 0.35, 'dropout_recurrent': 0.35}",0.385847806930542,0.3880000114440918,92,102,90,3,90,20,10,0.35,0.35
0,"{'dense_units': 90, 'amount_lstm': 3, 'lstm_1_units': 45, 'lstm_2_units': 30, 'lstm_3_units': 15, 'dropout': 0.0, 'dropout_recurrent': 0.0}",0.7182910442352295,0.6119999885559082,73,74,90,3,45,30,15,0.0,0.0
0,"{'dense_units': 90, 'amount_lstm': 3, 'lstm_1_units': 45, 'lstm_2_units': 30, 'lstm_3_units': 15, 'dropout': 0.0, 'dropout_recurrent': 0.35}",0.3778371214866638,0.37599998712539673,37,28,90,3,45,30,15,0.0,0.35
0,"{'dense_units': 90, 'amount_lstm': 3, 'lstm_1_units': 45, 'lstm_2_units': 30, 'lstm_3_units': 15, 'dropout': 0.35, 'dropout_recurrent': 0.0}",0.6475300192832947,0.6240000128746033,97,106,90,3,45,30,15,0.35,0.0
0,"{'dense_units': 90, 'amount_lstm': 3, 'lstm_1_units': 45, 'lstm_2_units': 30, 'lstm_3_units': 15, 'dropout': 0.35, 'dropout_recurrent': 0.35}",0.41922563314437866,0.4440000057220459,106,99,90,3,45,30,15,0.35,0.35
0,"{'dense_units': 90, 'amount_lstm': 3, 'lstm_1_units': 45, 'lstm_2_units': 30, 'lstm_3_units': 10, 'dropout': 0.0, 'dropout_recurrent': 0.0}",0.4793057441711426,0.41999998688697815,38,36,90,3,45,30,10,0.0,0.0
0,"{'dense_units': 90, 'amount_lstm': 3, 'lstm_1_units': 45, 'lstm_2_units': 30, 'lstm_3_units': 10, 'dropout': 0.0, 'dropout_recurrent': 0.35}",0.43391188979148865,0.40400001406669617,44,43,90,3,45,30,10,0.0,0.35
0,"{'dense_units': 90, 'amount_lstm': 3, 'lstm_1_units': 45, 'lstm_2_units': 30, 'lstm_3_units': 10, 'dropout': 0.35, 'dropout_recurrent': 0.0}",0.5487316250801086,0.5239999890327454,91,90,90,3,45,30,10,0.35,0.0
0,"{'dense_units': 90, 'amount_lstm': 3, 'lstm_1_units': 45, 'lstm_2_units': 30, 'lstm_3_units': 10, 'dropout': 0.35, 'dropout_recurrent': 0.35}",0.3244325816631317,0.35199999809265137,103,98,90,3,45,30,10,0.35,0.35
0,"{'dense_units': 90, 'amount_lstm': 3, 'lstm_1_units': 45, 'lstm_2_units': 20, 'lstm_3_units': 15, 'dropout': 0.0, 'dropout_recurrent': 0.0}",0.6862483024597168,0.5479999780654907,89,83,90,3,45,20,15,0.0,0.0
0,"{'dense_units': 90, 'amount_lstm': 3, 'lstm_1_units': 45, 'lstm_2_units': 20, 'lstm_3_units': 15, 'dropout': 0.0, 'dropout_recurrent': 0.35}",0.49399200081825256,0.492000013589859,45,46,90,3,45,20,15,0.0,0.35
0,"{'dense_units': 90, 'amount_lstm': 3, 'lstm_1_units': 45, 'lstm_2_units': 20, 'lstm_3_units': 15, 'dropout': 0.35, 'dropout_recurrent': 0.0}",0.5273697972297668,0.48399999737739563,76,65,90,3,45,20,15,0.35,0.0
0,"{'dense_units': 90, 'amount_lstm': 3, 'lstm_1_units': 45, 'lstm_2_units': 20, 'lstm_3_units': 15, 'dropout': 0.35, 'dropout_recurrent': 0.35}",0.4045393764972687,0.41999998688697815,109,112,90,3,45,20,15,0.35,0.35
0,"{'dense_units': 90, 'amount_lstm': 3, 'lstm_1_units': 45, 'lstm_2_units': 20, 'lstm_3_units': 10, 'dropout': 0.0, 'dropout_recurrent': 0.0}",0.6101468801498413,0.46799999475479126,92,85,90,3,45,20,10,0.0,0.0
0,"{'dense_units': 90, 'amount_lstm': 3, 'lstm_1_units': 45, 'lstm_2_units': 20, 'lstm_3_units': 10, 'dropout': 0.0, 'dropout_recurrent': 0.35}",0.4459279179573059,0.4359999895095825,56,52,90,3,45,20,10,0.0,0.35
0,"{'dense_units': 90, 'amount_lstm': 3, 'lstm_1_units': 45, 'lstm_2_units': 20, 'lstm_3_units': 10, 'dropout': 0.35, 'dropout_recurrent': 0.0}",0.5193591713905334,0.4959999918937683,63,63,90,3,45,20,10,0.35,0.0
0,"{'dense_units': 90, 'amount_lstm': 3, 'lstm_1_units': 45, 'lstm_2_units': 20, 'lstm_3_units': 10, 'dropout': 0.35, 'dropout_recurrent': 0.35}",0.29906541109085083,0.328000009059906,89,88,90,3,45,20,10,0.35,0.35
0,"{'dense_units': 45, 'amount_lstm': 1, 'lstm_1_units': 90, 'lstm_2_units': 30, 'lstm_3_units': 15, 'dropout': 0.0, 'dropout_recurrent': 0.0}",0.6662216186523438,0.47999998927116394,60,55,45,1,90,30,15,0.0,0.0
0,"{'dense_units': 45, 'amount_lstm': 1, 'lstm_1_units': 90, 'lstm_2_units': 30, 'lstm_3_units': 15, 'dropout': 0.0, 'dropout_recurrent': 0.35}",0.564752995967865,0.4519999921321869,66,52,45,1,90,30,15,0.0,0.35
0,"{'dense_units': 45, 'amount_lstm': 1, 'lstm_1_units': 90, 'lstm_2_units': 30, 'lstm_3_units': 15, 'dropout': 0.35, 'dropout_recurrent': 0.0}",0.7636849284172058,0.6600000262260437,84,79,45,1,90,30,15,0.35,0.0
0,"{'dense_units': 45, 'amount_lstm': 1, 'lstm_1_units': 90, 'lstm_2_units': 30, 'lstm_3_units': 15, 'dropout': 0.35, 'dropout_recurrent': 0.35}",0.8130841255187988,0.7720000147819519,191,174,45,1,90,30,15,0.35,0.35
0,"{'dense_units': 45, 'amount_lstm': 1, 'lstm_1_units': 90, 'lstm_2_units': 30, 'lstm_3_units': 10, 'dropout': 0.0, 'dropout_recurrent': 0.0}",0.6328437924385071,0.4519999921321869,65,63,45,1,90,30,10,0.0,0.0
0,"{'dense_units': 45, 'amount_lstm': 1, 'lstm_1_units': 90, 'lstm_2_units': 30, 'lstm_3_units': 10, 'dropout': 0.0, 'dropout_recurrent': 0.35}",0.8811749219894409,0.7480000257492065,120,105,45,1,90,30,10,0.0,0.35
0,"{'dense_units': 45, 'amount_lstm': 1, 'lstm_1_units': 90, 'lstm_2_units': 30, 'lstm_3_units': 10, 'dropout': 0.35, 'dropout_recurrent': 0.0}",0.7102803587913513,0.5640000104904175,81,76,45,1,90,30,10,0.35,0.0
0,"{'dense_units': 45, 'amount_lstm': 1, 'lstm_1_units': 90, 'lstm_2_units': 30, 'lstm_3_units': 10, 'dropout': 0.35, 'dropout_recurrent': 0.35}",0.5674232244491577,0.515999972820282,104,77,45,1,90,30,10,0.35,0.35
0,"{'dense_units': 45, 'amount_lstm': 1, 'lstm_1_units': 90, 'lstm_2_units': 20, 'lstm_3_units': 15, 'dropout': 0.0, 'dropout_recurrent': 0.0}",0.5887850522994995,0.4480000138282776,53,45,45,1,90,20,15,0.0,0.0
0,"{'dense_units': 45, 'amount_lstm': 1, 'lstm_1_units': 90, 'lstm_2_units': 20, 'lstm_3_units': 15, 'dropout': 0.0, 'dropout_recurrent': 0.35}",0.7009345889091492,0.5720000267028809,78,78,45,1,90,20,15,0.0,0.35
0,"{'dense_units': 45, 'amount_lstm': 1, 'lstm_1_units': 90, 'lstm_2_units': 20, 'lstm_3_units': 15, 'dropout': 0.35, 'dropout_recurrent': 0.0}",0.7196261882781982,0.6039999723434448,50,54,45,1,90,20,15,0.35,0.0
0,"{'dense_units': 45, 'amount_lstm': 1, 'lstm_1_units': 90, 'lstm_2_units': 20, 'lstm_3_units': 15, 'dropout': 0.35, 'dropout_recurrent': 0.35}",0.7316421866416931,0.6919999718666077,138,133,45,1,90,20,15,0.35,0.35
0,"{'dense_units': 45, 'amount_lstm': 1, 'lstm_1_units': 90, 'lstm_2_units': 20, 'lstm_3_units': 10, 'dropout': 0.0, 'dropout_recurrent': 0.0}",0.7102803587913513,0.48399999737739563,53,44,45,1,90,20,10,0.0,0.0
0,"{'dense_units': 45, 'amount_lstm': 1, 'lstm_1_units': 90, 'lstm_2_units': 20, 'lstm_3_units': 10, 'dropout': 0.0, 'dropout_recurrent': 0.35}",0.5300400257110596,0.42399999499320984,66,63,45,1,90,20,10,0.0,0.35
0,"{'dense_units': 45, 'amount_lstm': 1, 'lstm_1_units': 90, 'lstm_2_units': 20, 'lstm_3_units': 10, 'dropout': 0.35, 'dropout_recurrent': 0.0}",0.5487316250801086,0.4519999921321869,39,27,45,1,90,20,10,0.35,0.0
0,"{'dense_units': 45, 'amount_lstm': 1, 'lstm_1_units': 90, 'lstm_2_units': 20, 'lstm_3_units': 10, 'dropout': 0.35, 'dropout_recurrent': 0.35}",0.5487316250801086,0.5199999809265137,141,127,45,1,90,20,10,0.35,0.35
0,"{'dense_units': 45, 'amount_lstm': 1, 'lstm_1_units': 45, 'lstm_2_units': 30, 'lstm_3_units': 15, 'dropout': 0.0, 'dropout_recurrent': 0.0}",0.5514018535614014,0.42800000309944153,47,46,45,1,45,30,15,0.0,0.0
0,"{'dense_units': 45, 'amount_lstm': 1, 'lstm_1_units': 45, 'lstm_2_units': 30, 'lstm_3_units': 15, 'dropout': 0.0, 'dropout_recurrent': 0.35}",0.7650200128555298,0.628000020980835,118,120,45,1,45,30,15,0.0,0.35
0,"{'dense_units': 45, 'amount_lstm': 1, 'lstm_1_units': 45, 'lstm_2_units': 30, 'lstm_3_units': 15, 'dropout': 0.35, 'dropout_recurrent': 0.0}",0.5834445953369141,0.515999972820282,61,63,45,1,45,30,15,0.35,0.0
0,"{'dense_units': 45, 'amount_lstm': 1, 'lstm_1_units': 45, 'lstm_2_units': 30, 'lstm_3_units': 15, 'dropout': 0.35, 'dropout_recurrent': 0.35}",0.5393858551979065,0.515999972820282,163,162,45,1,45,30,15,0.35,0.35
0,"{'dense_units': 45, 'amount_lstm': 1, 'lstm_1_units': 45, 'lstm_2_units': 30, 'lstm_3_units': 10, 'dropout': 0.0, 'dropout_recurrent': 0.0}",0.5046728849411011,0.41999998688697815,35,37,45,1,45,30,10,0.0,0.0
0,"{'dense_units': 45, 'amount_lstm': 1, 'lstm_1_units': 45, 'lstm_2_units': 30, 'lstm_3_units': 10, 'dropout': 0.0, 'dropout_recurrent': 0.35}",0.6408544778823853,0.5720000267028809,108,113,45,1,45,30,10,0.0,0.35
0,"{'dense_units': 45, 'amount_lstm': 1, 'lstm_1_units': 45, 'lstm_2_units': 30, 'lstm_3_units': 10, 'dropout': 0.35, 'dropout_recurrent': 0.0}",0.5540720820426941,0.492000013589859,61,54,45,1,45,30,10,0.35,0.0
0,"{'dense_units': 45, 'amount_lstm': 1, 'lstm_1_units': 45, 'lstm_2_units': 30, 'lstm_3_units': 10, 'dropout': 0.35, 'dropout_recurrent': 0.35}",0.5420560836791992,0.5440000295639038,126,127,45,1,45,30,10,0.35,0.35
0,"{'dense_units': 45, 'amount_lstm': 1, 'lstm_1_units': 45, 'lstm_2_units': 20, 'lstm_3_units': 15, 'dropout': 0.0, 'dropout_recurrent': 0.0}",0.7543390989303589,0.5239999890327454,68,70,45,1,45,20,15,0.0,0.0
0,"{'dense_units': 45, 'amount_lstm': 1, 'lstm_1_units': 45, 'lstm_2_units': 20, 'lstm_3_units': 15, 'dropout': 0.0, 'dropout_recurrent': 0.35}",0.7583444714546204,0.6959999799728394,73,66,45,1,45,20,15,0.0,0.35
0,"{'dense_units': 45, 'amount_lstm': 1, 'lstm_1_units': 45, 'lstm_2_units': 20, 'lstm_3_units': 15, 'dropout': 0.35, 'dropout_recurrent': 0.0}",0.4793057441711426,0.40799999237060547,30,27,45,1,45,20,15,0.35,0.0
0,"{'dense_units': 45, 'amount_lstm': 1, 'lstm_1_units': 45, 'lstm_2_units': 20, 'lstm_3_units': 15, 'dropout': 0.35, 'dropout_recurrent': 0.35}",0.7089452743530273,0.7160000205039978,183,177,45,1,45,20,15,0.35,0.35
0,"{'dense_units': 45, 'amount_lstm': 1, 'lstm_1_units': 45, 'lstm_2_units': 20, 'lstm_3_units': 10, 'dropout': 0.0, 'dropout_recurrent': 0.0}",0.6221628785133362,0.46000000834465027,64,73,45,1,45,20,10,0.0,0.0
0,"{'dense_units': 45, 'amount_lstm': 1, 'lstm_1_units': 45, 'lstm_2_units': 20, 'lstm_3_units': 10, 'dropout': 0.0, 'dropout_recurrent': 0.35}",0.7543390989303589,0.6159999966621399,111,107,45,1,45,20,10,0.0,0.35
0,"{'dense_units': 45, 'amount_lstm': 1, 'lstm_1_units': 45, 'lstm_2_units': 20, 'lstm_3_units': 10, 'dropout': 0.35, 'dropout_recurrent': 0.0}",0.49132177233695984,0.4359999895095825,77,78,45,1,45,20,10,0.35,0.0
0,"{'dense_units': 45, 'amount_lstm': 1, 'lstm_1_units': 45, 'lstm_2_units': 20, 'lstm_3_units': 10, 'dropout': 0.35, 'dropout_recurrent': 0.35}",0.5327102541923523,0.5479999780654907,155,137,45,1,45,20,10,0.35,0.35
0,"{'dense_units': 45, 'amount_lstm': 2, 'lstm_1_units': 90, 'lstm_2_units': 30, 'lstm_3_units': 15, 'dropout': 0.0, 'dropout_recurrent': 0.0}",0.6408544778823853,0.4480000138282776,61,53,45,2,90,30,15,0.0,0.0
0,"{'dense_units': 45, 'amount_lstm': 2, 'lstm_1_units': 90, 'lstm_2_units': 30, 'lstm_3_units': 15, 'dropout': 0.0, 'dropout_recurrent': 0.35}",0.644859790802002,0.527999997138977,91,91,45,2,90,30,15,0.0,0.35
0,"{'dense_units': 45, 'amount_lstm': 2, 'lstm_1_units': 90, 'lstm_2_units': 30, 'lstm_3_units': 15, 'dropout': 0.35, 'dropout_recurrent': 0.0}",0.5273697972297668,0.47999998927116394,78,77,45,2,90,30,15,0.35,0.0
0,"{'dense_units': 45, 'amount_lstm': 2, 'lstm_1_units': 90, 'lstm_2_units': 30, 'lstm_3_units': 15, 'dropout': 0.35, 'dropout_recurrent': 0.35}",0.3965286910533905,0.4320000112056732,95,97,45,2,90,30,15,0.35,0.35
0,"{'dense_units': 45, 'amount_lstm': 2, 'lstm_1_units': 90, 'lstm_2_units': 30, 'lstm_3_units': 10, 'dropout': 0.0, 'dropout_recurrent': 0.0}",0.6368491053581238,0.5,33,30,45,2,90,30,10,0.0,0.0
0,"{'dense_units': 45, 'amount_lstm': 2, 'lstm_1_units': 90, 'lstm_2_units': 30, 'lstm_3_units': 10, 'dropout': 0.0, 'dropout_recurrent': 0.35}",0.5994659662246704,0.492000013589859,92,94,45,2,90,30,10,0.0,0.35
0,"{'dense_units': 45, 'amount_lstm': 2, 'lstm_1_units': 90, 'lstm_2_units': 30, 'lstm_3_units': 10, 'dropout': 0.35, 'dropout_recurrent': 0.0}",0.45527368783950806,0.3919999897480011,34,30,45,2,90,30,10,0.35,0.0
0,"{'dense_units': 45, 'amount_lstm': 2, 'lstm_1_units': 90, 'lstm_2_units': 30, 'lstm_3_units': 10, 'dropout': 0.35, 'dropout_recurrent': 0.35}",0.45927903056144714,0.46000000834465027,102,103,45,2,90,30,10,0.35,0.35
0,"{'dense_units': 45, 'amount_lstm': 2, 'lstm_1_units': 90, 'lstm_2_units': 20, 'lstm_3_units': 15, 'dropout': 0.0, 'dropout_recurrent': 0.0}",0.634178876876831,0.46399998664855957,53,50,45,2,90,20,15,0.0,0.0
0,"{'dense_units': 45, 'amount_lstm': 2, 'lstm_1_units': 90, 'lstm_2_units': 20, 'lstm_3_units': 15, 'dropout': 0.0, 'dropout_recurrent': 0.35}",0.6194926500320435,0.5400000214576721,46,50,45,2,90,20,15,0.0,0.35
0,"{'dense_units': 45, 'amount_lstm': 2, 'lstm_1_units': 90, 'lstm_2_units': 20, 'lstm_3_units': 15, 'dropout': 0.35, 'dropout_recurrent': 0.0}",0.435247004032135,0.3880000114440918,40,27,45,2,90,20,15,0.35,0.0
0,"{'dense_units': 45, 'amount_lstm': 2, 'lstm_1_units': 90, 'lstm_2_units': 20, 'lstm_3_units': 15, 'dropout': 0.35, 'dropout_recurrent': 0.35}",0.4779706299304962,0.492000013589859,103,96,45,2,90,20,15,0.35,0.35
0,"{'dense_units': 45, 'amount_lstm': 2, 'lstm_1_units': 90, 'lstm_2_units': 20, 'lstm_3_units': 10, 'dropout': 0.0, 'dropout_recurrent': 0.0}",0.4579439163208008,0.40400001406669617,39,33,45,2,90,20,10,0.0,0.0
0,"{'dense_units': 45, 'amount_lstm': 2, 'lstm_1_units': 90, 'lstm_2_units': 20, 'lstm_3_units': 10, 'dropout': 0.0, 'dropout_recurrent': 0.35}",0.5740988254547119,0.46000000834465027,93,93,45,2,90,20,10,0.0,0.35
0,"{'dense_units': 45, 'amount_lstm': 2, 'lstm_1_units': 90, 'lstm_2_units': 20, 'lstm_3_units': 10, 'dropout': 0.35, 'dropout_recurrent': 0.0}",0.7116155028343201,0.5400000214576721,90,92,45,2,90,20,10,0.35,0.0
0,"{'dense_units': 45, 'amount_lstm': 2, 'lstm_1_units': 90, 'lstm_2_units': 20, 'lstm_3_units': 10, 'dropout': 0.35, 'dropout_recurrent': 0.35}",0.34045395255088806,0.35600000619888306,101,99,45,2,90,20,10,0.35,0.35
0,"{'dense_units': 45, 'amount_lstm': 2, 'lstm_1_units': 45, 'lstm_2_units': 30, 'lstm_3_units': 15, 'dropout': 0.0, 'dropout_recurrent': 0.0}",0.7076101303100586,0.5040000081062317,67,42,45,2,45,30,15,0.0,0.0
0,"{'dense_units': 45, 'amount_lstm': 2, 'lstm_1_units': 45, 'lstm_2_units': 30, 'lstm_3_units': 15, 'dropout': 0.0, 'dropout_recurrent': 0.35}",0.5126835703849792,0.4480000138282776,80,88,45,2,45,30,15,0.0,0.35
0,"{'dense_units': 45, 'amount_lstm': 2, 'lstm_1_units': 45, 'lstm_2_units': 30, 'lstm_3_units': 15, 'dropout': 0.35, 'dropout_recurrent': 0.0}",0.7850467562675476,0.6520000100135803,112,117,45,2,45,30,15,0.35,0.0
0,"{'dense_units': 45, 'amount_lstm': 2, 'lstm_1_units': 45, 'lstm_2_units': 30, 'lstm_3_units': 15, 'dropout': 0.35, 'dropout_recurrent': 0.35}",0.49799734354019165,0.47200000286102295,129,125,45,2,45,30,15,0.35,0.35
0,"{'dense_units': 45, 'amount_lstm': 2, 'lstm_1_units': 45, 'lstm_2_units': 30, 'lstm_3_units': 10, 'dropout': 0.0, 'dropout_recurrent': 0.0}",0.6675567626953125,0.5040000081062317,61,55,45,2,45,30,10,0.0,0.0
0,"{'dense_units': 45, 'amount_lstm': 2, 'lstm_1_units': 45, 'lstm_2_units': 30, 'lstm_3_units': 10, 'dropout': 0.0, 'dropout_recurrent': 0.35}",0.6421895623207092,0.5040000081062317,107,104,45,2,45,30,10,0.0,0.35
0,"{'dense_units': 45, 'amount_lstm': 2, 'lstm_1_units': 45, 'lstm_2_units': 30, 'lstm_3_units': 10, 'dropout': 0.35, 'dropout_recurrent': 0.0}",0.5447263121604919,0.515999972820282,67,65,45,2,45,30,10,0.35,0.0
0,"{'dense_units': 45, 'amount_lstm': 2, 'lstm_1_units': 45, 'lstm_2_units': 30, 'lstm_3_units': 10, 'dropout': 0.35, 'dropout_recurrent': 0.35}",0.4152202904224396,0.41999998688697815,108,117,45,2,45,30,10,0.35,0.35
0,"{'dense_units': 45, 'amount_lstm': 2, 'lstm_1_units': 45, 'lstm_2_units': 20, 'lstm_3_units': 15, 'dropout': 0.0, 'dropout_recurrent': 0.0}",0.5861148238182068,0.47200000286102295,81,79,45,2,45,20,15,0.0,0.0
0,"{'dense_units': 45, 'amount_lstm': 2, 'lstm_1_units': 45, 'lstm_2_units': 20, 'lstm_3_units': 15, 'dropout': 0.0, 'dropout_recurrent': 0.35}",0.336448609828949,0.30399999022483826,76,72,45,2,45,20,15,0.0,0.35
0,"{'dense_units': 45, 'amount_lstm': 2, 'lstm_1_units': 45, 'lstm_2_units': 20, 'lstm_3_units': 15, 'dropout': 0.35, 'dropout_recurrent': 0.0}",0.49799734354019165,0.46799999475479126,54,42,45,2,45,20,15,0.35,0.0
0,"{'dense_units': 45, 'amount_lstm': 2, 'lstm_1_units': 45, 'lstm_2_units': 20, 'lstm_3_units': 15, 'dropout': 0.35, 'dropout_recurrent': 0.35}",0.3044058680534363,0.35199999809265137,56,59,45,2,45,20,15,0.35,0.35
0,"{'dense_units': 45, 'amount_lstm': 2, 'lstm_1_units': 45, 'lstm_2_units': 20, 'lstm_3_units': 10, 'dropout': 0.0, 'dropout_recurrent': 0.0}",0.5260347127914429,0.47200000286102295,58,44,45,2,45,20,10,0.0,0.0
0,"{'dense_units': 45, 'amount_lstm': 2, 'lstm_1_units': 45, 'lstm_2_units': 20, 'lstm_3_units': 10, 'dropout': 0.0, 'dropout_recurrent': 0.35}",0.6275033354759216,0.5400000214576721,82,77,45,2,45,20,10,0.0,0.35
0,"{'dense_units': 45, 'amount_lstm': 2, 'lstm_1_units': 45, 'lstm_2_units': 20, 'lstm_3_units': 10, 'dropout': 0.35, 'dropout_recurrent': 0.0}",0.5554072260856628,0.527999997138977,76,68,45,2,45,20,10,0.35,0.0
0,"{'dense_units': 45, 'amount_lstm': 2, 'lstm_1_units': 45, 'lstm_2_units': 20, 'lstm_3_units': 10, 'dropout': 0.35, 'dropout_recurrent': 0.35}",0.33778372406959534,0.37599998712539673,60,40,45,2,45,20,10,0.35,0.35
0,"{'dense_units': 45, 'amount_lstm': 3, 'lstm_1_units': 90, 'lstm_2_units': 30, 'lstm_3_units': 15, 'dropout': 0.0, 'dropout_recurrent': 0.0}",0.773030698299408,0.6159999966621399,74,69,45,3,90,30,15,0.0,0.0
0,"{'dense_units': 45, 'amount_lstm': 3, 'lstm_1_units': 90, 'lstm_2_units': 30, 'lstm_3_units': 15, 'dropout': 0.0, 'dropout_recurrent': 0.35}",0.5594125390052795,0.46799999475479126,73,72,45,3,90,30,15,0.0,0.35
0,"{'dense_units': 45, 'amount_lstm': 3, 'lstm_1_units': 90, 'lstm_2_units': 30, 'lstm_3_units': 15, 'dropout': 0.35, 'dropout_recurrent': 0.0}",0.5166889429092407,0.4480000138282776,56,57,45,3,90,30,15,0.35,0.0
0,"{'dense_units': 45, 'amount_lstm': 3, 'lstm_1_units': 90, 'lstm_2_units': 30, 'lstm_3_units': 15, 'dropout': 0.35, 'dropout_recurrent': 0.35}",0.2603471279144287,0.25600001215934753,43,48,45,3,90,30,15,0.35,0.35
0,"{'dense_units': 45, 'amount_lstm': 3, 'lstm_1_units': 90, 'lstm_2_units': 30, 'lstm_3_units': 10, 'dropout': 0.0, 'dropout_recurrent': 0.0}",0.47263017296791077,0.41600000858306885,38,38,45,3,90,30,10,0.0,0.0
0,"{'dense_units': 45, 'amount_lstm': 3, 'lstm_1_units': 90, 'lstm_2_units': 30, 'lstm_3_units': 10, 'dropout': 0.0, 'dropout_recurrent': 0.35}",0.5420560836791992,0.4880000054836273,105,100,45,3,90,30,10,0.0,0.35
0,"{'dense_units': 45, 'amount_lstm': 3, 'lstm_1_units': 90, 'lstm_2_units': 30, 'lstm_3_units': 10, 'dropout': 0.35, 'dropout_recurrent': 0.0}",0.5193591713905334,0.47999998927116394,91,92,45,3,90,30,10,0.35,0.0
0,"{'dense_units': 45, 'amount_lstm': 3, 'lstm_1_units': 90, 'lstm_2_units': 30, 'lstm_3_units': 10, 'dropout': 0.35, 'dropout_recurrent': 0.35}",0.25901201367378235,0.2720000147819519,59,28,45,3,90,30,10,0.35,0.35
0,"{'dense_units': 45, 'amount_lstm': 3, 'lstm_1_units': 90, 'lstm_2_units': 20, 'lstm_3_units': 15, 'dropout': 0.0, 'dropout_recurrent': 0.0}",0.634178876876831,0.5360000133514404,64,58,45,3,90,20,15,0.0,0.0
0,"{'dense_units': 45, 'amount_lstm': 3, 'lstm_1_units': 90, 'lstm_2_units': 20, 'lstm_3_units': 15, 'dropout': 0.0, 'dropout_recurrent': 0.35}",0.49799734354019165,0.42800000309944153,60,51,45,3,90,20,15,0.0,0.35
0,"{'dense_units': 45, 'amount_lstm': 3, 'lstm_1_units': 90, 'lstm_2_units': 20, 'lstm_3_units': 15, 'dropout': 0.35, 'dropout_recurrent': 0.0}",0.6181575655937195,0.5519999861717224,102,100,45,3,90,20,15,0.35,0.0
0,"{'dense_units': 45, 'amount_lstm': 3, 'lstm_1_units': 90, 'lstm_2_units': 20, 'lstm_3_units': 15, 'dropout': 0.35, 'dropout_recurrent': 0.35}",0.2937249541282654,0.2919999957084656,80,77,45,3,90,20,15,0.35,0.35
0,"{'dense_units': 45, 'amount_lstm': 3, 'lstm_1_units': 90, 'lstm_2_units': 20, 'lstm_3_units': 10, 'dropout': 0.0, 'dropout_recurrent': 0.0}",0.4606141448020935,0.42399999499320984,35,39,45,3,90,20,10,0.0,0.0
0,"{'dense_units': 45, 'amount_lstm': 3, 'lstm_1_units': 90, 'lstm_2_units': 20, 'lstm_3_units': 10, 'dropout': 0.0, 'dropout_recurrent': 0.35}",0.5460613965988159,0.492000013589859,113,101,45,3,90,20,10,0.0,0.35
0,"{'dense_units': 45, 'amount_lstm': 3, 'lstm_1_units': 90, 'lstm_2_units': 20, 'lstm_3_units': 10, 'dropout': 0.35, 'dropout_recurrent': 0.0}",0.4672897160053253,0.4399999976158142,47,49,45,3,90,20,10,0.35,0.0
0,"{'dense_units': 45, 'amount_lstm': 3, 'lstm_1_units': 90, 'lstm_2_units': 20, 'lstm_3_units': 10, 'dropout': 0.35, 'dropout_recurrent': 0.35}",0.27636849880218506,0.29600000381469727,60,75,45,3,90,20,10,0.35,0.35
0,"{'dense_units': 45, 'amount_lstm': 3, 'lstm_1_units': 45, 'lstm_2_units': 30, 'lstm_3_units': 15, 'dropout': 0.0, 'dropout_recurrent': 0.0}",0.7289719581604004,0.5640000104904175,78,76,45,3,45,30,15,0.0,0.0
0,"{'dense_units': 45, 'amount_lstm': 3, 'lstm_1_units': 45, 'lstm_2_units': 30, 'lstm_3_units': 15, 'dropout': 0.0, 'dropout_recurrent': 0.35}",0.534045398235321,0.46799999475479126,83,81,45,3,45,30,15,0.0,0.35
0,"{'dense_units': 45, 'amount_lstm': 3, 'lstm_1_units': 45, 'lstm_2_units': 30, 'lstm_3_units': 15, 'dropout': 0.35, 'dropout_recurrent': 0.0}",0.5834445953369141,0.5479999780654907,92,82,45,3,45,30,15,0.35,0.0
0,"{'dense_units': 45, 'amount_lstm': 3, 'lstm_1_units': 45, 'lstm_2_units': 30, 'lstm_3_units': 15, 'dropout': 0.35, 'dropout_recurrent': 0.35}",0.4072096049785614,0.4000000059604645,110,113,45,3,45,30,15,0.35,0.35
0,"{'dense_units': 45, 'amount_lstm': 3, 'lstm_1_units': 45, 'lstm_2_units': 30, 'lstm_3_units': 10, 'dropout': 0.0, 'dropout_recurrent': 0.0}",0.643524706363678,0.4519999921321869,83,80,45,3,45,30,10,0.0,0.0
0,"{'dense_units': 45, 'amount_lstm': 3, 'lstm_1_units': 45, 'lstm_2_units': 30, 'lstm_3_units': 10, 'dropout': 0.0, 'dropout_recurrent': 0.35}",0.5180240273475647,0.4399999976158142,66,66,45,3,45,30,10,0.0,0.35
0,"{'dense_units': 45, 'amount_lstm': 3, 'lstm_1_units': 45, 'lstm_2_units': 30, 'lstm_3_units': 10, 'dropout': 0.35, 'dropout_recurrent': 0.0}",0.5420560836791992,0.5120000243186951,75,75,45,3,45,30,10,0.35,0.0
0,"{'dense_units': 45, 'amount_lstm': 3, 'lstm_1_units': 45, 'lstm_2_units': 30, 'lstm_3_units': 10, 'dropout': 0.35, 'dropout_recurrent': 0.35}",0.2963951826095581,0.3240000009536743,94,94,45,3,45,30,10,0.35,0.35
0,"{'dense_units': 45, 'amount_lstm': 3, 'lstm_1_units': 45, 'lstm_2_units': 20, 'lstm_3_units': 15, 'dropout': 0.0, 'dropout_recurrent': 0.0}",0.5033378005027771,0.3919999897480011,39,26,45,3,45,20,15,0.0,0.0
0,"{'dense_units': 45, 'amount_lstm': 3, 'lstm_1_units': 45, 'lstm_2_units': 20, 'lstm_3_units': 15, 'dropout': 0.0, 'dropout_recurrent': 0.35}",0.4712950587272644,0.41999998688697815,79,77,45,3,45,20,15,0.0,0.35
0,"{'dense_units': 45, 'amount_lstm': 3, 'lstm_1_units': 45, 'lstm_2_units': 20, 'lstm_3_units': 15, 'dropout': 0.35, 'dropout_recurrent': 0.0}",0.5674232244491577,0.5680000185966492,101,93,45,3,45,20,15,0.35,0.0
0,"{'dense_units': 45, 'amount_lstm': 3, 'lstm_1_units': 45, 'lstm_2_units': 20, 'lstm_3_units': 15, 'dropout': 0.35, 'dropout_recurrent': 0.35}",0.32977303862571716,0.3479999899864197,81,58,45,3,45,20,15,0.35,0.35
0,"{'dense_units': 45, 'amount_lstm': 3, 'lstm_1_units': 45, 'lstm_2_units': 20, 'lstm_3_units': 10, 'dropout': 0.0, 'dropout_recurrent': 0.0}",0.5206942558288574,0.42399999499320984,65,58,45,3,45,20,10,0.0,0.0
0,"{'dense_units': 45, 'amount_lstm': 3, 'lstm_1_units': 45, 'lstm_2_units': 20, 'lstm_3_units': 10, 'dropout': 0.0, 'dropout_recurrent': 0.35}",0.5367156267166138,0.5320000052452087,94,93,45,3,45,20,10,0.0,0.35
0,"{'dense_units': 45, 'amount_lstm': 3, 'lstm_1_units': 45, 'lstm_2_units': 20, 'lstm_3_units': 10, 'dropout': 0.35, 'dropout_recurrent': 0.0}",0.44726303219795227,0.40400001406669617,70,62,45,3,45,20,10,0.35,0.0
0,"{'dense_units': 45, 'amount_lstm': 3, 'lstm_1_units': 45, 'lstm_2_units': 20, 'lstm_3_units': 10, 'dropout': 0.35, 'dropout_recurrent': 0.35}",0.29105472564697266,0.2800000011920929,61,58,45,3,45,20,10,0.35,0.35
