,exp_name,acc,val_acc,best_epoch_acc,best_epoch_val_acc,dense_units,amount_lstm,lstm_1_units,lstm_2_units,lstm_3_units,dropout,dropout_recurrent
0,"{'dense_units': None, 'amount_lstm': 1, 'lstm_1_units': 90, 'lstm_2_units': 30, 'lstm_3_units': 15, 'dropout': 0.0, 'dropout_recurrent': 0.0}",0.9933244585990906,0.7440000176429749,25,18,,1,90,30,15,0.0,0.0
0,"{'dense_units': None, 'amount_lstm': 1, 'lstm_1_units': 90, 'lstm_2_units': 30, 'lstm_3_units': 15, 'dropout': 0.0, 'dropout_recurrent': 0.35}",0.979973316192627,0.7599999904632568,28,27,,1,90,30,15,0.0,0.35
0,"{'dense_units': None, 'amount_lstm': 1, 'lstm_1_units': 90, 'lstm_2_units': 30, 'lstm_3_units': 15, 'dropout': 0.35, 'dropout_recurrent': 0.0}",0.8811749219894409,0.7239999771118164,25,17,,1,90,30,15,0.35,0.0
0,"{'dense_units': None, 'amount_lstm': 1, 'lstm_1_units': 90, 'lstm_2_units': 30, 'lstm_3_units': 15, 'dropout': 0.35, 'dropout_recurrent': 0.35}",0.9238985180854797,0.7599999904632568,39,32,,1,90,30,15,0.35,0.35
0,"{'dense_units': None, 'amount_lstm': 1, 'lstm_1_units': 90, 'lstm_2_units': 30, 'lstm_3_units': 10, 'dropout': 0.0, 'dropout_recurrent': 0.0}",0.9973297715187073,0.7519999742507935,28,19,,1,90,30,10,0.0,0.0
0,"{'dense_units': None, 'amount_lstm': 1, 'lstm_1_units': 90, 'lstm_2_units': 30, 'lstm_3_units': 10, 'dropout': 0.0, 'dropout_recurrent': 0.35}",0.9839786291122437,0.7720000147819519,29,30,,1,90,30,10,0.0,0.35
0,"{'dense_units': None, 'amount_lstm': 1, 'lstm_1_units': 90, 'lstm_2_units': 30, 'lstm_3_units': 10, 'dropout': 0.35, 'dropout_recurrent': 0.0}",0.9385848045349121,0.7720000147819519,38,25,,1,90,30,10,0.35,0.0
0,"{'dense_units': None, 'amount_lstm': 1, 'lstm_1_units': 90, 'lstm_2_units': 30, 'lstm_3_units': 10, 'dropout': 0.35, 'dropout_recurrent': 0.35}",0.8985313773155212,0.7680000066757202,38,33,,1,90,30,10,0.35,0.35
0,"{'dense_units': None, 'amount_lstm': 1, 'lstm_1_units': 90, 'lstm_2_units': 20, 'lstm_3_units': 15, 'dropout': 0.0, 'dropout_recurrent': 0.0}",0.9946595430374146,0.7599999904632568,36,35,,1,90,20,15,0.0,0.0
0,"{'dense_units': None, 'amount_lstm': 1, 'lstm_1_units': 90, 'lstm_2_units': 20, 'lstm_3_units': 15, 'dropout': 0.0, 'dropout_recurrent': 0.35}",0.979973316192627,0.7839999794960022,29,27,,1,90,20,15,0.0,0.35
0,"{'dense_units': None, 'amount_lstm': 1, 'lstm_1_units': 90, 'lstm_2_units': 20, 'lstm_3_units': 15, 'dropout': 0.35, 'dropout_recurrent': 0.0}",0.9319092035293579,0.7680000066757202,34,27,,1,90,20,15,0.35,0.0
0,"{'dense_units': None, 'amount_lstm': 1, 'lstm_1_units': 90, 'lstm_2_units': 20, 'lstm_3_units': 15, 'dropout': 0.35, 'dropout_recurrent': 0.35}",0.9052069187164307,0.7680000066757202,37,34,,1,90,20,15,0.35,0.35
0,"{'dense_units': None, 'amount_lstm': 1, 'lstm_1_units': 90, 'lstm_2_units': 20, 'lstm_3_units': 10, 'dropout': 0.0, 'dropout_recurrent': 0.0}",0.9893190860748291,0.7480000257492065,26,26,,1,90,20,10,0.0,0.0
0,"{'dense_units': None, 'amount_lstm': 1, 'lstm_1_units': 90, 'lstm_2_units': 20, 'lstm_3_units': 10, 'dropout': 0.0, 'dropout_recurrent': 0.35}",0.9839786291122437,0.7839999794960022,27,26,,1,90,20,10,0.0,0.35
0,"{'dense_units': None, 'amount_lstm': 1, 'lstm_1_units': 90, 'lstm_2_units': 20, 'lstm_3_units': 10, 'dropout': 0.35, 'dropout_recurrent': 0.0}",0.9238985180854797,0.7599999904632568,31,31,,1,90,20,10,0.35,0.0
0,"{'dense_units': None, 'amount_lstm': 1, 'lstm_1_units': 90, 'lstm_2_units': 20, 'lstm_3_units': 10, 'dropout': 0.35, 'dropout_recurrent': 0.35}",0.9559412598609924,0.7720000147819519,60,59,,1,90,20,10,0.35,0.35
0,"{'dense_units': None, 'amount_lstm': 1, 'lstm_1_units': 45, 'lstm_2_units': 30, 'lstm_3_units': 15, 'dropout': 0.0, 'dropout_recurrent': 0.0}",0.9572763442993164,0.7360000014305115,35,27,,1,45,30,15,0.0,0.0
0,"{'dense_units': None, 'amount_lstm': 1, 'lstm_1_units': 45, 'lstm_2_units': 30, 'lstm_3_units': 15, 'dropout': 0.0, 'dropout_recurrent': 0.35}",0.9746328592300415,0.7120000123977661,57,47,,1,45,30,15,0.0,0.35
0,"{'dense_units': None, 'amount_lstm': 1, 'lstm_1_units': 45, 'lstm_2_units': 30, 'lstm_3_units': 15, 'dropout': 0.35, 'dropout_recurrent': 0.0}",0.8731642365455627,0.7519999742507935,47,47,,1,45,30,15,0.35,0.0
0,"{'dense_units': None, 'amount_lstm': 1, 'lstm_1_units': 45, 'lstm_2_units': 30, 'lstm_3_units': 15, 'dropout': 0.35, 'dropout_recurrent': 0.35}",0.871829092502594,0.7720000147819519,58,36,,1,45,30,15,0.35,0.35
0,"{'dense_units': None, 'amount_lstm': 1, 'lstm_1_units': 45, 'lstm_2_units': 30, 'lstm_3_units': 10, 'dropout': 0.0, 'dropout_recurrent': 0.0}",0.9826435446739197,0.7039999961853027,39,34,,1,45,30,10,0.0,0.0
0,"{'dense_units': None, 'amount_lstm': 1, 'lstm_1_units': 45, 'lstm_2_units': 30, 'lstm_3_units': 10, 'dropout': 0.0, 'dropout_recurrent': 0.35}",0.9599465727806091,0.7319999933242798,44,38,,1,45,30,10,0.0,0.35
0,"{'dense_units': None, 'amount_lstm': 1, 'lstm_1_units': 45, 'lstm_2_units': 30, 'lstm_3_units': 10, 'dropout': 0.35, 'dropout_recurrent': 0.0}",0.8678237795829773,0.6959999799728394,44,32,,1,45,30,10,0.35,0.0
0,"{'dense_units': None, 'amount_lstm': 1, 'lstm_1_units': 45, 'lstm_2_units': 30, 'lstm_3_units': 10, 'dropout': 0.35, 'dropout_recurrent': 0.35}",0.8624833226203918,0.7720000147819519,58,59,,1,45,30,10,0.35,0.35
0,"{'dense_units': None, 'amount_lstm': 1, 'lstm_1_units': 45, 'lstm_2_units': 20, 'lstm_3_units': 15, 'dropout': 0.0, 'dropout_recurrent': 0.0}",0.9853137731552124,0.7039999961853027,46,36,,1,45,20,15,0.0,0.0
0,"{'dense_units': None, 'amount_lstm': 1, 'lstm_1_units': 45, 'lstm_2_units': 20, 'lstm_3_units': 15, 'dropout': 0.0, 'dropout_recurrent': 0.35}",0.9746328592300415,0.7279999852180481,50,51,,1,45,20,15,0.0,0.35
0,"{'dense_units': None, 'amount_lstm': 1, 'lstm_1_units': 45, 'lstm_2_units': 20, 'lstm_3_units': 15, 'dropout': 0.35, 'dropout_recurrent': 0.0}",0.9172229766845703,0.7799999713897705,65,65,,1,45,20,15,0.35,0.0
0,"{'dense_units': None, 'amount_lstm': 1, 'lstm_1_units': 45, 'lstm_2_units': 20, 'lstm_3_units': 15, 'dropout': 0.35, 'dropout_recurrent': 0.35}",0.8477970361709595,0.7480000257492065,51,45,,1,45,20,15,0.35,0.35
0,"{'dense_units': None, 'amount_lstm': 1, 'lstm_1_units': 45, 'lstm_2_units': 20, 'lstm_3_units': 10, 'dropout': 0.0, 'dropout_recurrent': 0.0}",0.9719626307487488,0.7279999852180481,34,27,,1,45,20,10,0.0,0.0
0,"{'dense_units': None, 'amount_lstm': 1, 'lstm_1_units': 45, 'lstm_2_units': 20, 'lstm_3_units': 10, 'dropout': 0.0, 'dropout_recurrent': 0.35}",0.9786381721496582,0.7559999823570251,56,54,,1,45,20,10,0.0,0.35
0,"{'dense_units': None, 'amount_lstm': 1, 'lstm_1_units': 45, 'lstm_2_units': 20, 'lstm_3_units': 10, 'dropout': 0.35, 'dropout_recurrent': 0.0}",0.8838451504707336,0.7360000014305115,52,46,,1,45,20,10,0.35,0.0
0,"{'dense_units': None, 'amount_lstm': 1, 'lstm_1_units': 45, 'lstm_2_units': 20, 'lstm_3_units': 10, 'dropout': 0.35, 'dropout_recurrent': 0.35}",0.8905206918716431,0.7680000066757202,69,64,,1,45,20,10,0.35,0.35
0,"{'dense_units': None, 'amount_lstm': 2, 'lstm_1_units': 90, 'lstm_2_units': 30, 'lstm_3_units': 15, 'dropout': 0.0, 'dropout_recurrent': 0.0}",0.9853137731552124,0.7559999823570251,26,20,,2,90,30,15,0.0,0.0
0,"{'dense_units': None, 'amount_lstm': 2, 'lstm_1_units': 90, 'lstm_2_units': 30, 'lstm_3_units': 15, 'dropout': 0.0, 'dropout_recurrent': 0.35}",0.9853137731552124,0.7799999713897705,34,33,,2,90,30,15,0.0,0.35
0,"{'dense_units': None, 'amount_lstm': 2, 'lstm_1_units': 90, 'lstm_2_units': 30, 'lstm_3_units': 15, 'dropout': 0.35, 'dropout_recurrent': 0.0}",0.8811749219894409,0.7599999904632568,28,27,,2,90,30,15,0.35,0.0
0,"{'dense_units': None, 'amount_lstm': 2, 'lstm_1_units': 90, 'lstm_2_units': 30, 'lstm_3_units': 15, 'dropout': 0.35, 'dropout_recurrent': 0.35}",0.8985313773155212,0.7879999876022339,39,26,,2,90,30,15,0.35,0.35
0,"{'dense_units': None, 'amount_lstm': 2, 'lstm_1_units': 90, 'lstm_2_units': 30, 'lstm_3_units': 10, 'dropout': 0.0, 'dropout_recurrent': 0.0}",0.9813084006309509,0.7720000147819519,27,24,,2,90,30,10,0.0,0.0
0,"{'dense_units': None, 'amount_lstm': 2, 'lstm_1_units': 90, 'lstm_2_units': 30, 'lstm_3_units': 10, 'dropout': 0.0, 'dropout_recurrent': 0.35}",0.9759679436683655,0.7680000066757202,33,33,,2,90,30,10,0.0,0.35
0,"{'dense_units': None, 'amount_lstm': 2, 'lstm_1_units': 90, 'lstm_2_units': 30, 'lstm_3_units': 10, 'dropout': 0.35, 'dropout_recurrent': 0.0}",0.8838451504707336,0.7519999742507935,32,29,,2,90,30,10,0.35,0.0
0,"{'dense_units': None, 'amount_lstm': 2, 'lstm_1_units': 90, 'lstm_2_units': 30, 'lstm_3_units': 10, 'dropout': 0.35, 'dropout_recurrent': 0.35}",0.9132176041603088,0.800000011920929,40,32,,2,90,30,10,0.35,0.35
0,"{'dense_units': None, 'amount_lstm': 2, 'lstm_1_units': 90, 'lstm_2_units': 20, 'lstm_3_units': 15, 'dropout': 0.0, 'dropout_recurrent': 0.0}",0.9933244585990906,0.7919999957084656,40,25,,2,90,20,15,0.0,0.0
0,"{'dense_units': None, 'amount_lstm': 2, 'lstm_1_units': 90, 'lstm_2_units': 20, 'lstm_3_units': 15, 'dropout': 0.0, 'dropout_recurrent': 0.35}",0.9399198889732361,0.7400000095367432,23,15,,2,90,20,15,0.0,0.35
0,"{'dense_units': None, 'amount_lstm': 2, 'lstm_1_units': 90, 'lstm_2_units': 20, 'lstm_3_units': 15, 'dropout': 0.35, 'dropout_recurrent': 0.0}",0.9172229766845703,0.7599999904632568,42,42,,2,90,20,15,0.35,0.0
0,"{'dense_units': None, 'amount_lstm': 2, 'lstm_1_units': 90, 'lstm_2_units': 20, 'lstm_3_units': 15, 'dropout': 0.35, 'dropout_recurrent': 0.35}",0.9145527482032776,0.7879999876022339,53,51,,2,90,20,15,0.35,0.35
0,"{'dense_units': None, 'amount_lstm': 2, 'lstm_1_units': 90, 'lstm_2_units': 20, 'lstm_3_units': 10, 'dropout': 0.0, 'dropout_recurrent': 0.0}",0.9866488575935364,0.7400000095367432,32,19,,2,90,20,10,0.0,0.0
0,"{'dense_units': None, 'amount_lstm': 2, 'lstm_1_units': 90, 'lstm_2_units': 20, 'lstm_3_units': 10, 'dropout': 0.0, 'dropout_recurrent': 0.35}",0.9813084006309509,0.7599999904632568,34,25,,2,90,20,10,0.0,0.35
0,"{'dense_units': None, 'amount_lstm': 2, 'lstm_1_units': 90, 'lstm_2_units': 20, 'lstm_3_units': 10, 'dropout': 0.35, 'dropout_recurrent': 0.0}",0.9332443475723267,0.8080000281333923,48,36,,2,90,20,10,0.35,0.0
0,"{'dense_units': None, 'amount_lstm': 2, 'lstm_1_units': 90, 'lstm_2_units': 20, 'lstm_3_units': 10, 'dropout': 0.35, 'dropout_recurrent': 0.35}",0.851802408695221,0.7559999823570251,31,24,,2,90,20,10,0.35,0.35
0,"{'dense_units': None, 'amount_lstm': 2, 'lstm_1_units': 45, 'lstm_2_units': 30, 'lstm_3_units': 15, 'dropout': 0.0, 'dropout_recurrent': 0.0}",0.9906542301177979,0.7200000286102295,43,38,,2,45,30,15,0.0,0.0
0,"{'dense_units': None, 'amount_lstm': 2, 'lstm_1_units': 45, 'lstm_2_units': 30, 'lstm_3_units': 15, 'dropout': 0.0, 'dropout_recurrent': 0.35}",0.9586114883422852,0.7319999933242798,35,27,,2,45,30,15,0.0,0.35
0,"{'dense_units': None, 'amount_lstm': 2, 'lstm_1_units': 45, 'lstm_2_units': 30, 'lstm_3_units': 15, 'dropout': 0.35, 'dropout_recurrent': 0.0}",0.8664886355400085,0.7680000066757202,42,34,,2,45,30,15,0.35,0.0
0,"{'dense_units': None, 'amount_lstm': 2, 'lstm_1_units': 45, 'lstm_2_units': 30, 'lstm_3_units': 15, 'dropout': 0.35, 'dropout_recurrent': 0.35}",0.8558077216148376,0.7799999713897705,50,44,,2,45,30,15,0.35,0.35
0,"{'dense_units': None, 'amount_lstm': 2, 'lstm_1_units': 45, 'lstm_2_units': 30, 'lstm_3_units': 10, 'dropout': 0.0, 'dropout_recurrent': 0.0}",0.979973316192627,0.7200000286102295,32,33,,2,45,30,10,0.0,0.0
0,"{'dense_units': None, 'amount_lstm': 2, 'lstm_1_units': 45, 'lstm_2_units': 30, 'lstm_3_units': 10, 'dropout': 0.0, 'dropout_recurrent': 0.35}",0.9479305744171143,0.6759999990463257,35,30,,2,45,30,10,0.0,0.35
0,"{'dense_units': None, 'amount_lstm': 2, 'lstm_1_units': 45, 'lstm_2_units': 30, 'lstm_3_units': 10, 'dropout': 0.35, 'dropout_recurrent': 0.0}",0.8971962332725525,0.7480000257492065,50,45,,2,45,30,10,0.35,0.0
0,"{'dense_units': None, 'amount_lstm': 2, 'lstm_1_units': 45, 'lstm_2_units': 30, 'lstm_3_units': 10, 'dropout': 0.35, 'dropout_recurrent': 0.35}",0.8905206918716431,0.7599999904632568,65,50,,2,45,30,10,0.35,0.35
0,"{'dense_units': None, 'amount_lstm': 2, 'lstm_1_units': 45, 'lstm_2_units': 20, 'lstm_3_units': 15, 'dropout': 0.0, 'dropout_recurrent': 0.0}",0.9813084006309509,0.699999988079071,41,34,,2,45,20,15,0.0,0.0
0,"{'dense_units': None, 'amount_lstm': 2, 'lstm_1_units': 45, 'lstm_2_units': 20, 'lstm_3_units': 15, 'dropout': 0.0, 'dropout_recurrent': 0.35}",0.9546061158180237,0.7720000147819519,40,38,,2,45,20,15,0.0,0.35
0,"{'dense_units': None, 'amount_lstm': 2, 'lstm_1_units': 45, 'lstm_2_units': 20, 'lstm_3_units': 15, 'dropout': 0.35, 'dropout_recurrent': 0.0}",0.8931909203529358,0.7839999794960022,70,73,,2,45,20,15,0.35,0.0
0,"{'dense_units': None, 'amount_lstm': 2, 'lstm_1_units': 45, 'lstm_2_units': 20, 'lstm_3_units': 15, 'dropout': 0.35, 'dropout_recurrent': 0.35}",0.8891856074333191,0.7839999794960022,71,66,,2,45,20,15,0.35,0.35
0,"{'dense_units': None, 'amount_lstm': 2, 'lstm_1_units': 45, 'lstm_2_units': 20, 'lstm_3_units': 10, 'dropout': 0.0, 'dropout_recurrent': 0.0}",0.9572763442993164,0.7080000042915344,33,19,,2,45,20,10,0.0,0.0
0,"{'dense_units': None, 'amount_lstm': 2, 'lstm_1_units': 45, 'lstm_2_units': 20, 'lstm_3_units': 10, 'dropout': 0.0, 'dropout_recurrent': 0.35}",0.969292402267456,0.7519999742507935,41,45,,2,45,20,10,0.0,0.35
0,"{'dense_units': None, 'amount_lstm': 2, 'lstm_1_units': 45, 'lstm_2_units': 20, 'lstm_3_units': 10, 'dropout': 0.35, 'dropout_recurrent': 0.0}",0.8891856074333191,0.7360000014305115,69,63,,2,45,20,10,0.35,0.0
0,"{'dense_units': None, 'amount_lstm': 2, 'lstm_1_units': 45, 'lstm_2_units': 20, 'lstm_3_units': 10, 'dropout': 0.35, 'dropout_recurrent': 0.35}",0.8785046935081482,0.7639999985694885,65,63,,2,45,20,10,0.35,0.35
0,"{'dense_units': None, 'amount_lstm': 3, 'lstm_1_units': 90, 'lstm_2_units': 30, 'lstm_3_units': 15, 'dropout': 0.0, 'dropout_recurrent': 0.0}",0.9813084006309509,0.7599999904632568,34,32,,3,90,30,15,0.0,0.0
0,"{'dense_units': None, 'amount_lstm': 3, 'lstm_1_units': 90, 'lstm_2_units': 30, 'lstm_3_units': 15, 'dropout': 0.0, 'dropout_recurrent': 0.35}",0.9679572582244873,0.7599999904632568,35,29,,3,90,30,15,0.0,0.35
0,"{'dense_units': None, 'amount_lstm': 3, 'lstm_1_units': 90, 'lstm_2_units': 30, 'lstm_3_units': 15, 'dropout': 0.35, 'dropout_recurrent': 0.0}",0.8985313773155212,0.7639999985694885,54,46,,3,90,30,15,0.35,0.0
0,"{'dense_units': None, 'amount_lstm': 3, 'lstm_1_units': 90, 'lstm_2_units': 30, 'lstm_3_units': 15, 'dropout': 0.35, 'dropout_recurrent': 0.35}",0.901201605796814,0.7879999876022339,47,47,,3,90,30,15,0.35,0.35
0,"{'dense_units': None, 'amount_lstm': 3, 'lstm_1_units': 90, 'lstm_2_units': 30, 'lstm_3_units': 10, 'dropout': 0.0, 'dropout_recurrent': 0.0}",0.979973316192627,0.7319999933242798,46,42,,3,90,30,10,0.0,0.0
0,"{'dense_units': None, 'amount_lstm': 3, 'lstm_1_units': 90, 'lstm_2_units': 30, 'lstm_3_units': 10, 'dropout': 0.0, 'dropout_recurrent': 0.35}",0.9612817168235779,0.7760000228881836,43,37,,3,90,30,10,0.0,0.35
0,"{'dense_units': None, 'amount_lstm': 3, 'lstm_1_units': 90, 'lstm_2_units': 30, 'lstm_3_units': 10, 'dropout': 0.35, 'dropout_recurrent': 0.0}",0.9279038906097412,0.800000011920929,73,53,,3,90,30,10,0.35,0.0
0,"{'dense_units': None, 'amount_lstm': 3, 'lstm_1_units': 90, 'lstm_2_units': 30, 'lstm_3_units': 10, 'dropout': 0.35, 'dropout_recurrent': 0.35}",0.901201605796814,0.7760000228881836,59,54,,3,90,30,10,0.35,0.35
0,"{'dense_units': None, 'amount_lstm': 3, 'lstm_1_units': 90, 'lstm_2_units': 20, 'lstm_3_units': 15, 'dropout': 0.0, 'dropout_recurrent': 0.0}",0.9893190860748291,0.7760000228881836,45,38,,3,90,20,15,0.0,0.0
0,"{'dense_units': None, 'amount_lstm': 3, 'lstm_1_units': 90, 'lstm_2_units': 20, 'lstm_3_units': 15, 'dropout': 0.0, 'dropout_recurrent': 0.35}",0.9786381721496582,0.7400000095367432,43,39,,3,90,20,15,0.0,0.35
0,"{'dense_units': None, 'amount_lstm': 3, 'lstm_1_units': 90, 'lstm_2_units': 20, 'lstm_3_units': 15, 'dropout': 0.35, 'dropout_recurrent': 0.0}",0.871829092502594,0.7839999794960022,43,38,,3,90,20,15,0.35,0.0
0,"{'dense_units': None, 'amount_lstm': 3, 'lstm_1_units': 90, 'lstm_2_units': 20, 'lstm_3_units': 15, 'dropout': 0.35, 'dropout_recurrent': 0.35}",0.871829092502594,0.7319999933242798,48,34,,3,90,20,15,0.35,0.35
0,"{'dense_units': None, 'amount_lstm': 3, 'lstm_1_units': 90, 'lstm_2_units': 20, 'lstm_3_units': 10, 'dropout': 0.0, 'dropout_recurrent': 0.0}",0.9666221737861633,0.6840000152587891,34,29,,3,90,20,10,0.0,0.0
0,"{'dense_units': None, 'amount_lstm': 3, 'lstm_1_units': 90, 'lstm_2_units': 20, 'lstm_3_units': 10, 'dropout': 0.0, 'dropout_recurrent': 0.35}",0.9572763442993164,0.7039999961853027,45,38,,3,90,20,10,0.0,0.35
0,"{'dense_units': None, 'amount_lstm': 3, 'lstm_1_units': 90, 'lstm_2_units': 20, 'lstm_3_units': 10, 'dropout': 0.35, 'dropout_recurrent': 0.0}",0.9172229766845703,0.7519999742507935,68,57,,3,90,20,10,0.35,0.0
0,"{'dense_units': None, 'amount_lstm': 3, 'lstm_1_units': 90, 'lstm_2_units': 20, 'lstm_3_units': 10, 'dropout': 0.35, 'dropout_recurrent': 0.35}",0.8891856074333191,0.7680000066757202,65,67,,3,90,20,10,0.35,0.35
0,"{'dense_units': None, 'amount_lstm': 3, 'lstm_1_units': 45, 'lstm_2_units': 30, 'lstm_3_units': 15, 'dropout': 0.0, 'dropout_recurrent': 0.0}",0.9158878326416016,0.6480000019073486,31,17,,3,45,30,15,0.0,0.0
0,"{'dense_units': None, 'amount_lstm': 3, 'lstm_1_units': 45, 'lstm_2_units': 30, 'lstm_3_units': 15, 'dropout': 0.0, 'dropout_recurrent': 0.35}",0.9532710313796997,0.7279999852180481,41,42,,3,45,30,15,0.0,0.35
0,"{'dense_units': None, 'amount_lstm': 3, 'lstm_1_units': 45, 'lstm_2_units': 30, 'lstm_3_units': 15, 'dropout': 0.35, 'dropout_recurrent': 0.0}",0.8531374931335449,0.7519999742507935,51,51,,3,45,30,15,0.35,0.0
0,"{'dense_units': None, 'amount_lstm': 3, 'lstm_1_units': 45, 'lstm_2_units': 30, 'lstm_3_units': 15, 'dropout': 0.35, 'dropout_recurrent': 0.35}",0.8891856074333191,0.800000011920929,71,66,,3,45,30,15,0.35,0.35
0,"{'dense_units': None, 'amount_lstm': 3, 'lstm_1_units': 45, 'lstm_2_units': 30, 'lstm_3_units': 10, 'dropout': 0.0, 'dropout_recurrent': 0.0}",0.9532710313796997,0.6679999828338623,31,24,,3,45,30,10,0.0,0.0
0,"{'dense_units': None, 'amount_lstm': 3, 'lstm_1_units': 45, 'lstm_2_units': 30, 'lstm_3_units': 10, 'dropout': 0.0, 'dropout_recurrent': 0.35}",0.9225634336471558,0.699999988079071,46,34,,3,45,30,10,0.0,0.35
0,"{'dense_units': None, 'amount_lstm': 3, 'lstm_1_units': 45, 'lstm_2_units': 30, 'lstm_3_units': 10, 'dropout': 0.35, 'dropout_recurrent': 0.0}",0.8838451504707336,0.7680000066757202,87,85,,3,45,30,10,0.35,0.0
0,"{'dense_units': None, 'amount_lstm': 3, 'lstm_1_units': 45, 'lstm_2_units': 30, 'lstm_3_units': 10, 'dropout': 0.35, 'dropout_recurrent': 0.35}",0.7890520691871643,0.7160000205039978,60,55,,3,45,30,10,0.35,0.35
0,"{'dense_units': None, 'amount_lstm': 3, 'lstm_1_units': 45, 'lstm_2_units': 20, 'lstm_3_units': 15, 'dropout': 0.0, 'dropout_recurrent': 0.0}",0.9252336621284485,0.656000018119812,35,33,,3,45,20,15,0.0,0.0
0,"{'dense_units': None, 'amount_lstm': 3, 'lstm_1_units': 45, 'lstm_2_units': 20, 'lstm_3_units': 15, 'dropout': 0.0, 'dropout_recurrent': 0.35}",0.9479305744171143,0.7080000042915344,45,41,,3,45,20,15,0.0,0.35
0,"{'dense_units': None, 'amount_lstm': 3, 'lstm_1_units': 45, 'lstm_2_units': 20, 'lstm_3_units': 15, 'dropout': 0.35, 'dropout_recurrent': 0.0}",0.8477970361709595,0.7480000257492065,61,60,,3,45,20,15,0.35,0.0
0,"{'dense_units': None, 'amount_lstm': 3, 'lstm_1_units': 45, 'lstm_2_units': 20, 'lstm_3_units': 15, 'dropout': 0.35, 'dropout_recurrent': 0.35}",0.8184245824813843,0.7480000257492065,57,47,,3,45,20,15,0.35,0.35
0,"{'dense_units': None, 'amount_lstm': 3, 'lstm_1_units': 45, 'lstm_2_units': 20, 'lstm_3_units': 10, 'dropout': 0.0, 'dropout_recurrent': 0.0}",0.9719626307487488,0.7120000123977661,52,50,,3,45,20,10,0.0,0.0
0,"{'dense_units': None, 'amount_lstm': 3, 'lstm_1_units': 45, 'lstm_2_units': 20, 'lstm_3_units': 10, 'dropout': 0.0, 'dropout_recurrent': 0.35}",0.9425901174545288,0.7239999771118164,53,39,,3,45,20,10,0.0,0.35
0,"{'dense_units': None, 'amount_lstm': 3, 'lstm_1_units': 45, 'lstm_2_units': 20, 'lstm_3_units': 10, 'dropout': 0.35, 'dropout_recurrent': 0.0}",0.8771695494651794,0.7720000147819519,93,81,,3,45,20,10,0.35,0.0
0,"{'dense_units': None, 'amount_lstm': 3, 'lstm_1_units': 45, 'lstm_2_units': 20, 'lstm_3_units': 10, 'dropout': 0.35, 'dropout_recurrent': 0.35}",0.8477970361709595,0.7279999852180481,72,78,,3,45,20,10,0.35,0.35
0,"{'dense_units': 90, 'amount_lstm': 1, 'lstm_1_units': 90, 'lstm_2_units': 30, 'lstm_3_units': 15, 'dropout': 0.0, 'dropout_recurrent': 0.0}",0.9866488575935364,0.7559999823570251,23,16,90,1,90,30,15,0.0,0.0
0,"{'dense_units': 90, 'amount_lstm': 1, 'lstm_1_units': 90, 'lstm_2_units': 30, 'lstm_3_units': 15, 'dropout': 0.0, 'dropout_recurrent': 0.35}",0.9839786291122437,0.7720000147819519,25,24,90,1,90,30,15,0.0,0.35
0,"{'dense_units': 90, 'amount_lstm': 1, 'lstm_1_units': 90, 'lstm_2_units': 30, 'lstm_3_units': 15, 'dropout': 0.35, 'dropout_recurrent': 0.0}",0.9759679436683655,0.7799999713897705,35,30,90,1,90,30,15,0.35,0.0
0,"{'dense_units': 90, 'amount_lstm': 1, 'lstm_1_units': 90, 'lstm_2_units': 30, 'lstm_3_units': 15, 'dropout': 0.35, 'dropout_recurrent': 0.35}",0.9719626307487488,0.7680000066757202,35,34,90,1,90,30,15,0.35,0.35
0,"{'dense_units': 90, 'amount_lstm': 1, 'lstm_1_units': 90, 'lstm_2_units': 30, 'lstm_3_units': 10, 'dropout': 0.0, 'dropout_recurrent': 0.0}",1.0,0.7839999794960022,32,29,90,1,90,30,10,0.0,0.0
0,"{'dense_units': 90, 'amount_lstm': 1, 'lstm_1_units': 90, 'lstm_2_units': 30, 'lstm_3_units': 10, 'dropout': 0.0, 'dropout_recurrent': 0.35}",0.9773030877113342,0.7599999904632568,23,20,90,1,90,30,10,0.0,0.35
0,"{'dense_units': 90, 'amount_lstm': 1, 'lstm_1_units': 90, 'lstm_2_units': 30, 'lstm_3_units': 10, 'dropout': 0.35, 'dropout_recurrent': 0.0}",0.9599465727806091,0.800000011920929,29,28,90,1,90,30,10,0.35,0.0
0,"{'dense_units': 90, 'amount_lstm': 1, 'lstm_1_units': 90, 'lstm_2_units': 30, 'lstm_3_units': 10, 'dropout': 0.35, 'dropout_recurrent': 0.35}",0.9479305744171143,0.7519999742507935,32,26,90,1,90,30,10,0.35,0.35
0,"{'dense_units': 90, 'amount_lstm': 1, 'lstm_1_units': 90, 'lstm_2_units': 20, 'lstm_3_units': 15, 'dropout': 0.0, 'dropout_recurrent': 0.0}",0.998664915561676,0.7559999823570251,26,18,90,1,90,20,15,0.0,0.0
0,"{'dense_units': 90, 'amount_lstm': 1, 'lstm_1_units': 90, 'lstm_2_units': 20, 'lstm_3_units': 15, 'dropout': 0.0, 'dropout_recurrent': 0.35}",0.9773030877113342,0.7720000147819519,25,20,90,1,90,20,15,0.0,0.35
0,"{'dense_units': 90, 'amount_lstm': 1, 'lstm_1_units': 90, 'lstm_2_units': 20, 'lstm_3_units': 15, 'dropout': 0.35, 'dropout_recurrent': 0.0}",0.9626168012619019,0.7680000066757202,31,31,90,1,90,20,15,0.35,0.0
0,"{'dense_units': 90, 'amount_lstm': 1, 'lstm_1_units': 90, 'lstm_2_units': 20, 'lstm_3_units': 15, 'dropout': 0.35, 'dropout_recurrent': 0.35}",0.9479305744171143,0.7680000066757202,29,21,90,1,90,20,15,0.35,0.35
0,"{'dense_units': 90, 'amount_lstm': 1, 'lstm_1_units': 90, 'lstm_2_units': 20, 'lstm_3_units': 10, 'dropout': 0.0, 'dropout_recurrent': 0.0}",0.9786381721496582,0.7480000257492065,20,24,90,1,90,20,10,0.0,0.0
0,"{'dense_units': 90, 'amount_lstm': 1, 'lstm_1_units': 90, 'lstm_2_units': 20, 'lstm_3_units': 10, 'dropout': 0.0, 'dropout_recurrent': 0.35}",0.979973316192627,0.7839999794960022,27,25,90,1,90,20,10,0.0,0.35
0,"{'dense_units': 90, 'amount_lstm': 1, 'lstm_1_units': 90, 'lstm_2_units': 20, 'lstm_3_units': 10, 'dropout': 0.35, 'dropout_recurrent': 0.0}",0.9399198889732361,0.7760000228881836,24,26,90,1,90,20,10,0.35,0.0
0,"{'dense_units': 90, 'amount_lstm': 1, 'lstm_1_units': 90, 'lstm_2_units': 20, 'lstm_3_units': 10, 'dropout': 0.35, 'dropout_recurrent': 0.35}",0.9492656588554382,0.7599999904632568,29,24,90,1,90,20,10,0.35,0.35
0,"{'dense_units': 90, 'amount_lstm': 1, 'lstm_1_units': 45, 'lstm_2_units': 30, 'lstm_3_units': 15, 'dropout': 0.0, 'dropout_recurrent': 0.0}",0.979973316192627,0.7080000042915344,33,25,90,1,45,30,15,0.0,0.0
0,"{'dense_units': 90, 'amount_lstm': 1, 'lstm_1_units': 45, 'lstm_2_units': 30, 'lstm_3_units': 15, 'dropout': 0.0, 'dropout_recurrent': 0.35}",0.9933244585990906,0.7839999794960022,51,40,90,1,45,30,15,0.0,0.35
0,"{'dense_units': 90, 'amount_lstm': 1, 'lstm_1_units': 45, 'lstm_2_units': 30, 'lstm_3_units': 15, 'dropout': 0.35, 'dropout_recurrent': 0.0}",0.9639519453048706,0.7440000176429749,52,49,90,1,45,30,15,0.35,0.0
0,"{'dense_units': 90, 'amount_lstm': 1, 'lstm_1_units': 45, 'lstm_2_units': 30, 'lstm_3_units': 15, 'dropout': 0.35, 'dropout_recurrent': 0.35}",0.9078771471977234,0.7559999823570251,41,33,90,1,45,30,15,0.35,0.35
0,"{'dense_units': 90, 'amount_lstm': 1, 'lstm_1_units': 45, 'lstm_2_units': 30, 'lstm_3_units': 10, 'dropout': 0.0, 'dropout_recurrent': 0.0}",0.9959946870803833,0.7200000286102295,47,40,90,1,45,30,10,0.0,0.0
0,"{'dense_units': 90, 'amount_lstm': 1, 'lstm_1_units': 45, 'lstm_2_units': 30, 'lstm_3_units': 10, 'dropout': 0.0, 'dropout_recurrent': 0.35}",0.969292402267456,0.7400000095367432,39,31,90,1,45,30,10,0.0,0.35
0,"{'dense_units': 90, 'amount_lstm': 1, 'lstm_1_units': 45, 'lstm_2_units': 30, 'lstm_3_units': 10, 'dropout': 0.35, 'dropout_recurrent': 0.0}",0.9319092035293579,0.7239999771118164,41,39,90,1,45,30,10,0.35,0.0
0,"{'dense_units': 90, 'amount_lstm': 1, 'lstm_1_units': 45, 'lstm_2_units': 30, 'lstm_3_units': 10, 'dropout': 0.35, 'dropout_recurrent': 0.35}",0.9412550330162048,0.7960000038146973,49,50,90,1,45,30,10,0.35,0.35
0,"{'dense_units': 90, 'amount_lstm': 1, 'lstm_1_units': 45, 'lstm_2_units': 20, 'lstm_3_units': 15, 'dropout': 0.0, 'dropout_recurrent': 0.0}",0.9479305744171143,0.7039999961853027,26,19,90,1,45,20,15,0.0,0.0
0,"{'dense_units': 90, 'amount_lstm': 1, 'lstm_1_units': 45, 'lstm_2_units': 20, 'lstm_3_units': 15, 'dropout': 0.0, 'dropout_recurrent': 0.35}",0.998664915561676,0.7760000228881836,61,56,90,1,45,20,15,0.0,0.35
0,"{'dense_units': 90, 'amount_lstm': 1, 'lstm_1_units': 45, 'lstm_2_units': 20, 'lstm_3_units': 15, 'dropout': 0.35, 'dropout_recurrent': 0.0}",0.9586114883422852,0.7839999794960022,45,36,90,1,45,20,15,0.35,0.0
0,"{'dense_units': 90, 'amount_lstm': 1, 'lstm_1_units': 45, 'lstm_2_units': 20, 'lstm_3_units': 15, 'dropout': 0.35, 'dropout_recurrent': 0.35}",0.8998664617538452,0.7319999933242798,39,32,90,1,45,20,15,0.35,0.35
0,"{'dense_units': 90, 'amount_lstm': 1, 'lstm_1_units': 45, 'lstm_2_units': 20, 'lstm_3_units': 10, 'dropout': 0.0, 'dropout_recurrent': 0.0}",0.9666221737861633,0.6759999990463257,29,19,90,1,45,20,10,0.0,0.0
0,"{'dense_units': 90, 'amount_lstm': 1, 'lstm_1_units': 45, 'lstm_2_units': 20, 'lstm_3_units': 10, 'dropout': 0.0, 'dropout_recurrent': 0.35}",0.9759679436683655,0.7480000257492065,34,34,90,1,45,20,10,0.0,0.35
0,"{'dense_units': 90, 'amount_lstm': 1, 'lstm_1_units': 45, 'lstm_2_units': 20, 'lstm_3_units': 10, 'dropout': 0.35, 'dropout_recurrent': 0.0}",0.9465954899787903,0.7680000066757202,45,39,90,1,45,20,10,0.35,0.0
0,"{'dense_units': 90, 'amount_lstm': 1, 'lstm_1_units': 45, 'lstm_2_units': 20, 'lstm_3_units': 10, 'dropout': 0.35, 'dropout_recurrent': 0.35}",0.9065420627593994,0.7519999742507935,37,36,90,1,45,20,10,0.35,0.35
0,"{'dense_units': 90, 'amount_lstm': 2, 'lstm_1_units': 90, 'lstm_2_units': 30, 'lstm_3_units': 15, 'dropout': 0.0, 'dropout_recurrent': 0.0}",0.9946595430374146,0.7799999713897705,33,22,90,2,90,30,15,0.0,0.0
0,"{'dense_units': 90, 'amount_lstm': 2, 'lstm_1_units': 90, 'lstm_2_units': 30, 'lstm_3_units': 15, 'dropout': 0.0, 'dropout_recurrent': 0.35}",0.9959946870803833,0.7960000038146973,39,36,90,2,90,30,15,0.0,0.35
0,"{'dense_units': 90, 'amount_lstm': 2, 'lstm_1_units': 90, 'lstm_2_units': 30, 'lstm_3_units': 15, 'dropout': 0.35, 'dropout_recurrent': 0.0}",0.9773030877113342,0.7919999957084656,47,39,90,2,90,30,15,0.35,0.0
0,"{'dense_units': 90, 'amount_lstm': 2, 'lstm_1_units': 90, 'lstm_2_units': 30, 'lstm_3_units': 15, 'dropout': 0.35, 'dropout_recurrent': 0.35}",0.9385848045349121,0.7440000176429749,32,32,90,2,90,30,15,0.35,0.35
0,"{'dense_units': 90, 'amount_lstm': 2, 'lstm_1_units': 90, 'lstm_2_units': 30, 'lstm_3_units': 10, 'dropout': 0.0, 'dropout_recurrent': 0.0}",0.9759679436683655,0.7239999771118164,24,17,90,2,90,30,10,0.0,0.0
0,"{'dense_units': 90, 'amount_lstm': 2, 'lstm_1_units': 90, 'lstm_2_units': 30, 'lstm_3_units': 10, 'dropout': 0.0, 'dropout_recurrent': 0.35}",0.9906542301177979,0.7720000147819519,33,28,90,2,90,30,10,0.0,0.35
0,"{'dense_units': 90, 'amount_lstm': 2, 'lstm_1_units': 90, 'lstm_2_units': 30, 'lstm_3_units': 10, 'dropout': 0.35, 'dropout_recurrent': 0.0}",0.9679572582244873,0.7919999957084656,38,38,90,2,90,30,10,0.35,0.0
0,"{'dense_units': 90, 'amount_lstm': 2, 'lstm_1_units': 90, 'lstm_2_units': 30, 'lstm_3_units': 10, 'dropout': 0.35, 'dropout_recurrent': 0.35}",0.9158878326416016,0.7720000147819519,29,29,90,2,90,30,10,0.35,0.35
0,"{'dense_units': 90, 'amount_lstm': 2, 'lstm_1_units': 90, 'lstm_2_units': 20, 'lstm_3_units': 15, 'dropout': 0.0, 'dropout_recurrent': 0.0}",0.9866488575935364,0.7519999742507935,32,24,90,2,90,20,15,0.0,0.0
0,"{'dense_units': 90, 'amount_lstm': 2, 'lstm_1_units': 90, 'lstm_2_units': 20, 'lstm_3_units': 15, 'dropout': 0.0, 'dropout_recurrent': 0.35}",0.9946595430374146,0.7760000228881836,46,34,90,2,90,20,15,0.0,0.35
0,"{'dense_units': 90, 'amount_lstm': 2, 'lstm_1_units': 90, 'lstm_2_units': 20, 'lstm_3_units': 15, 'dropout': 0.35, 'dropout_recurrent': 0.0}",0.9746328592300415,0.7839999794960022,45,40,90,2,90,20,15,0.35,0.0
0,"{'dense_units': 90, 'amount_lstm': 2, 'lstm_1_units': 90, 'lstm_2_units': 20, 'lstm_3_units': 15, 'dropout': 0.35, 'dropout_recurrent': 0.35}",0.9412550330162048,0.7680000066757202,34,32,90,2,90,20,15,0.35,0.35
0,"{'dense_units': 90, 'amount_lstm': 2, 'lstm_1_units': 90, 'lstm_2_units': 20, 'lstm_3_units': 10, 'dropout': 0.0, 'dropout_recurrent': 0.0}",0.9959946870803833,0.7559999823570251,39,29,90,2,90,20,10,0.0,0.0
0,"{'dense_units': 90, 'amount_lstm': 2, 'lstm_1_units': 90, 'lstm_2_units': 20, 'lstm_3_units': 10, 'dropout': 0.0, 'dropout_recurrent': 0.35}",0.9853137731552124,0.7599999904632568,35,26,90,2,90,20,10,0.0,0.35
0,"{'dense_units': 90, 'amount_lstm': 2, 'lstm_1_units': 90, 'lstm_2_units': 20, 'lstm_3_units': 10, 'dropout': 0.35, 'dropout_recurrent': 0.0}",0.9626168012619019,0.7839999794960022,40,40,90,2,90,20,10,0.35,0.0
0,"{'dense_units': 90, 'amount_lstm': 2, 'lstm_1_units': 90, 'lstm_2_units': 20, 'lstm_3_units': 10, 'dropout': 0.35, 'dropout_recurrent': 0.35}",0.8971962332725525,0.7639999985694885,28,25,90,2,90,20,10,0.35,0.35
0,"{'dense_units': 90, 'amount_lstm': 2, 'lstm_1_units': 45, 'lstm_2_units': 30, 'lstm_3_units': 15, 'dropout': 0.0, 'dropout_recurrent': 0.0}",0.9866488575935364,0.7080000042915344,29,28,90,2,45,30,15,0.0,0.0
0,"{'dense_units': 90, 'amount_lstm': 2, 'lstm_1_units': 45, 'lstm_2_units': 30, 'lstm_3_units': 15, 'dropout': 0.0, 'dropout_recurrent': 0.35}",0.97062748670578,0.7760000228881836,33,30,90,2,45,30,15,0.0,0.35
0,"{'dense_units': 90, 'amount_lstm': 2, 'lstm_1_units': 45, 'lstm_2_units': 30, 'lstm_3_units': 15, 'dropout': 0.35, 'dropout_recurrent': 0.0}",0.9305741190910339,0.7680000066757202,42,38,90,2,45,30,15,0.35,0.0
0,"{'dense_units': 90, 'amount_lstm': 2, 'lstm_1_units': 45, 'lstm_2_units': 30, 'lstm_3_units': 15, 'dropout': 0.35, 'dropout_recurrent': 0.35}",0.9652870297431946,0.800000011920929,56,47,90,2,45,30,15,0.35,0.35
0,"{'dense_units': 90, 'amount_lstm': 2, 'lstm_1_units': 45, 'lstm_2_units': 30, 'lstm_3_units': 10, 'dropout': 0.0, 'dropout_recurrent': 0.0}",0.9853137731552124,0.7559999823570251,34,21,90,2,45,30,10,0.0,0.0
0,"{'dense_units': 90, 'amount_lstm': 2, 'lstm_1_units': 45, 'lstm_2_units': 30, 'lstm_3_units': 10, 'dropout': 0.0, 'dropout_recurrent': 0.35}",0.9612817168235779,0.7760000228881836,28,31,90,2,45,30,10,0.0,0.35
0,"{'dense_units': 90, 'amount_lstm': 2, 'lstm_1_units': 45, 'lstm_2_units': 30, 'lstm_3_units': 10, 'dropout': 0.35, 'dropout_recurrent': 0.0}",0.9412550330162048,0.7919999957084656,45,45,90,2,45,30,10,0.35,0.0
0,"{'dense_units': 90, 'amount_lstm': 2, 'lstm_1_units': 45, 'lstm_2_units': 30, 'lstm_3_units': 10, 'dropout': 0.35, 'dropout_recurrent': 0.35}",0.9279038906097412,0.7919999957084656,44,39,90,2,45,30,10,0.35,0.35
0,"{'dense_units': 90, 'amount_lstm': 2, 'lstm_1_units': 45, 'lstm_2_units': 20, 'lstm_3_units': 15, 'dropout': 0.0, 'dropout_recurrent': 0.0}",0.9866488575935364,0.7519999742507935,37,37,90,2,45,20,15,0.0,0.0
0,"{'dense_units': 90, 'amount_lstm': 2, 'lstm_1_units': 45, 'lstm_2_units': 20, 'lstm_3_units': 15, 'dropout': 0.0, 'dropout_recurrent': 0.35}",0.9719626307487488,0.7440000176429749,36,35,90,2,45,20,15,0.0,0.35
0,"{'dense_units': 90, 'amount_lstm': 2, 'lstm_1_units': 45, 'lstm_2_units': 20, 'lstm_3_units': 15, 'dropout': 0.35, 'dropout_recurrent': 0.0}",0.9265687465667725,0.7760000228881836,45,45,90,2,45,20,15,0.35,0.0
0,"{'dense_units': 90, 'amount_lstm': 2, 'lstm_1_units': 45, 'lstm_2_units': 20, 'lstm_3_units': 15, 'dropout': 0.35, 'dropout_recurrent': 0.35}",0.9132176041603088,0.7639999985694885,46,42,90,2,45,20,15,0.35,0.35
0,"{'dense_units': 90, 'amount_lstm': 2, 'lstm_1_units': 45, 'lstm_2_units': 20, 'lstm_3_units': 10, 'dropout': 0.0, 'dropout_recurrent': 0.0}",0.9866488575935364,0.7160000205039978,40,40,90,2,45,20,10,0.0,0.0
0,"{'dense_units': 90, 'amount_lstm': 2, 'lstm_1_units': 45, 'lstm_2_units': 20, 'lstm_3_units': 10, 'dropout': 0.0, 'dropout_recurrent': 0.35}",0.9626168012619019,0.7279999852180481,39,31,90,2,45,20,10,0.0,0.35
0,"{'dense_units': 90, 'amount_lstm': 2, 'lstm_1_units': 45, 'lstm_2_units': 20, 'lstm_3_units': 10, 'dropout': 0.35, 'dropout_recurrent': 0.0}",0.9319092035293579,0.7799999713897705,46,42,90,2,45,20,10,0.35,0.0
0,"{'dense_units': 90, 'amount_lstm': 2, 'lstm_1_units': 45, 'lstm_2_units': 20, 'lstm_3_units': 10, 'dropout': 0.35, 'dropout_recurrent': 0.35}",0.9586114883422852,0.800000011920929,75,66,90,2,45,20,10,0.35,0.35
0,"{'dense_units': 90, 'amount_lstm': 3, 'lstm_1_units': 90, 'lstm_2_units': 30, 'lstm_3_units': 15, 'dropout': 0.0, 'dropout_recurrent': 0.0}",0.9666221737861633,0.7319999933242798,35,34,90,3,90,30,15,0.0,0.0
0,"{'dense_units': 90, 'amount_lstm': 3, 'lstm_1_units': 90, 'lstm_2_units': 30, 'lstm_3_units': 15, 'dropout': 0.0, 'dropout_recurrent': 0.35}",0.9879840016365051,0.7639999985694885,48,41,90,3,90,30,15,0.0,0.35
0,"{'dense_units': 90, 'amount_lstm': 3, 'lstm_1_units': 90, 'lstm_2_units': 30, 'lstm_3_units': 15, 'dropout': 0.35, 'dropout_recurrent': 0.0}",0.950600802898407,0.800000011920929,44,45,90,3,90,30,15,0.35,0.0
0,"{'dense_units': 90, 'amount_lstm': 3, 'lstm_1_units': 90, 'lstm_2_units': 30, 'lstm_3_units': 15, 'dropout': 0.35, 'dropout_recurrent': 0.35}",0.9399198889732361,0.7799999713897705,49,41,90,3,90,30,15,0.35,0.35
0,"{'dense_units': 90, 'amount_lstm': 3, 'lstm_1_units': 90, 'lstm_2_units': 30, 'lstm_3_units': 10, 'dropout': 0.0, 'dropout_recurrent': 0.0}",0.9839786291122437,0.7559999823570251,43,35,90,3,90,30,10,0.0,0.0
0,"{'dense_units': 90, 'amount_lstm': 3, 'lstm_1_units': 90, 'lstm_2_units': 30, 'lstm_3_units': 10, 'dropout': 0.0, 'dropout_recurrent': 0.35}",0.979973316192627,0.7519999742507935,52,45,90,3,90,30,10,0.0,0.35
0,"{'dense_units': 90, 'amount_lstm': 3, 'lstm_1_units': 90, 'lstm_2_units': 30, 'lstm_3_units': 10, 'dropout': 0.35, 'dropout_recurrent': 0.0}",0.9332443475723267,0.7720000147819519,50,42,90,3,90,30,10,0.35,0.0
0,"{'dense_units': 90, 'amount_lstm': 3, 'lstm_1_units': 90, 'lstm_2_units': 30, 'lstm_3_units': 10, 'dropout': 0.35, 'dropout_recurrent': 0.35}",0.9372496604919434,0.7839999794960022,53,46,90,3,90,30,10,0.35,0.35
0,"{'dense_units': 90, 'amount_lstm': 3, 'lstm_1_units': 90, 'lstm_2_units': 20, 'lstm_3_units': 15, 'dropout': 0.0, 'dropout_recurrent': 0.0}",0.9826435446739197,0.7639999985694885,54,46,90,3,90,20,15,0.0,0.0
0,"{'dense_units': 90, 'amount_lstm': 3, 'lstm_1_units': 90, 'lstm_2_units': 20, 'lstm_3_units': 15, 'dropout': 0.0, 'dropout_recurrent': 0.35}",0.9773030877113342,0.7480000257492065,39,34,90,3,90,20,15,0.0,0.35
0,"{'dense_units': 90, 'amount_lstm': 3, 'lstm_1_units': 90, 'lstm_2_units': 20, 'lstm_3_units': 15, 'dropout': 0.35, 'dropout_recurrent': 0.0}",0.951935887336731,0.7720000147819519,43,43,90,3,90,20,15,0.35,0.0
0,"{'dense_units': 90, 'amount_lstm': 3, 'lstm_1_units': 90, 'lstm_2_units': 20, 'lstm_3_units': 15, 'dropout': 0.35, 'dropout_recurrent': 0.35}",0.9372496604919434,0.8040000200271606,48,47,90,3,90,20,15,0.35,0.35
0,"{'dense_units': 90, 'amount_lstm': 3, 'lstm_1_units': 90, 'lstm_2_units': 20, 'lstm_3_units': 10, 'dropout': 0.0, 'dropout_recurrent': 0.0}",0.9853137731552124,0.7319999933242798,50,49,90,3,90,20,10,0.0,0.0
0,"{'dense_units': 90, 'amount_lstm': 3, 'lstm_1_units': 90, 'lstm_2_units': 20, 'lstm_3_units': 10, 'dropout': 0.0, 'dropout_recurrent': 0.35}",0.9826435446739197,0.7400000095367432,63,60,90,3,90,20,10,0.0,0.35
0,"{'dense_units': 90, 'amount_lstm': 3, 'lstm_1_units': 90, 'lstm_2_units': 20, 'lstm_3_units': 10, 'dropout': 0.35, 'dropout_recurrent': 0.0}",0.9586114883422852,0.7799999713897705,60,57,90,3,90,20,10,0.35,0.0
0,"{'dense_units': 90, 'amount_lstm': 3, 'lstm_1_units': 90, 'lstm_2_units': 20, 'lstm_3_units': 10, 'dropout': 0.35, 'dropout_recurrent': 0.35}",0.9479305744171143,0.7760000228881836,60,59,90,3,90,20,10,0.35,0.35
0,"{'dense_units': 90, 'amount_lstm': 3, 'lstm_1_units': 45, 'lstm_2_units': 30, 'lstm_3_units': 15, 'dropout': 0.0, 'dropout_recurrent': 0.0}",0.9893190860748291,0.7400000095367432,38,31,90,3,45,30,15,0.0,0.0
0,"{'dense_units': 90, 'amount_lstm': 3, 'lstm_1_units': 45, 'lstm_2_units': 30, 'lstm_3_units': 15, 'dropout': 0.0, 'dropout_recurrent': 0.35}",0.950600802898407,0.7480000257492065,43,33,90,3,45,30,15,0.0,0.35
0,"{'dense_units': 90, 'amount_lstm': 3, 'lstm_1_units': 45, 'lstm_2_units': 30, 'lstm_3_units': 15, 'dropout': 0.35, 'dropout_recurrent': 0.0}",0.901201605796814,0.7279999852180481,44,37,90,3,45,30,15,0.35,0.0
0,"{'dense_units': 90, 'amount_lstm': 3, 'lstm_1_units': 45, 'lstm_2_units': 30, 'lstm_3_units': 15, 'dropout': 0.35, 'dropout_recurrent': 0.35}",0.9238985180854797,0.7720000147819519,51,43,90,3,45,30,15,0.35,0.35
0,"{'dense_units': 90, 'amount_lstm': 3, 'lstm_1_units': 45, 'lstm_2_units': 30, 'lstm_3_units': 10, 'dropout': 0.0, 'dropout_recurrent': 0.0}",0.9719626307487488,0.699999988079071,48,41,90,3,45,30,10,0.0,0.0
0,"{'dense_units': 90, 'amount_lstm': 3, 'lstm_1_units': 45, 'lstm_2_units': 30, 'lstm_3_units': 10, 'dropout': 0.0, 'dropout_recurrent': 0.35}",0.9666221737861633,0.7279999852180481,48,41,90,3,45,30,10,0.0,0.35
0,"{'dense_units': 90, 'amount_lstm': 3, 'lstm_1_units': 45, 'lstm_2_units': 30, 'lstm_3_units': 10, 'dropout': 0.35, 'dropout_recurrent': 0.0}",0.9332443475723267,0.7559999823570251,60,60,90,3,45,30,10,0.35,0.0
0,"{'dense_units': 90, 'amount_lstm': 3, 'lstm_1_units': 45, 'lstm_2_units': 30, 'lstm_3_units': 10, 'dropout': 0.35, 'dropout_recurrent': 0.35}",0.951935887336731,0.7960000038146973,94,78,90,3,45,30,10,0.35,0.35
0,"{'dense_units': 90, 'amount_lstm': 3, 'lstm_1_units': 45, 'lstm_2_units': 20, 'lstm_3_units': 15, 'dropout': 0.0, 'dropout_recurrent': 0.0}",0.97062748670578,0.7319999933242798,33,37,90,3,45,20,15,0.0,0.0
0,"{'dense_units': 90, 'amount_lstm': 3, 'lstm_1_units': 45, 'lstm_2_units': 20, 'lstm_3_units': 15, 'dropout': 0.0, 'dropout_recurrent': 0.35}",0.9599465727806091,0.7680000066757202,44,37,90,3,45,20,15,0.0,0.35
0,"{'dense_units': 90, 'amount_lstm': 3, 'lstm_1_units': 45, 'lstm_2_units': 20, 'lstm_3_units': 15, 'dropout': 0.35, 'dropout_recurrent': 0.0}",0.9372496604919434,0.7839999794960022,70,65,90,3,45,20,15,0.35,0.0
0,"{'dense_units': 90, 'amount_lstm': 3, 'lstm_1_units': 45, 'lstm_2_units': 20, 'lstm_3_units': 15, 'dropout': 0.35, 'dropout_recurrent': 0.35}",0.9225634336471558,0.7480000257492065,55,55,90,3,45,20,15,0.35,0.35
0,"{'dense_units': 90, 'amount_lstm': 3, 'lstm_1_units': 45, 'lstm_2_units': 20, 'lstm_3_units': 10, 'dropout': 0.0, 'dropout_recurrent': 0.0}",0.9773030877113342,0.7319999933242798,50,38,90,3,45,20,10,0.0,0.0
0,"{'dense_units': 90, 'amount_lstm': 3, 'lstm_1_units': 45, 'lstm_2_units': 20, 'lstm_3_units': 10, 'dropout': 0.0, 'dropout_recurrent': 0.35}",0.9639519453048706,0.7680000066757202,50,47,90,3,45,20,10,0.0,0.35
0,"{'dense_units': 90, 'amount_lstm': 3, 'lstm_1_units': 45, 'lstm_2_units': 20, 'lstm_3_units': 10, 'dropout': 0.35, 'dropout_recurrent': 0.0}",0.8024032115936279,0.6959999799728394,49,46,90,3,45,20,10,0.35,0.0
0,"{'dense_units': 90, 'amount_lstm': 3, 'lstm_1_units': 45, 'lstm_2_units': 20, 'lstm_3_units': 10, 'dropout': 0.35, 'dropout_recurrent': 0.35}",0.9052069187164307,0.7519999742507935,57,45,90,3,45,20,10,0.35,0.35
0,"{'dense_units': 45, 'amount_lstm': 1, 'lstm_1_units': 90, 'lstm_2_units': 30, 'lstm_3_units': 15, 'dropout': 0.0, 'dropout_recurrent': 0.0}",0.9786381721496582,0.7160000205039978,26,18,45,1,90,30,15,0.0,0.0
0,"{'dense_units': 45, 'amount_lstm': 1, 'lstm_1_units': 90, 'lstm_2_units': 30, 'lstm_3_units': 15, 'dropout': 0.0, 'dropout_recurrent': 0.35}",0.9492656588554382,0.7680000066757202,27,28,45,1,90,30,15,0.0,0.35
0,"{'dense_units': 45, 'amount_lstm': 1, 'lstm_1_units': 90, 'lstm_2_units': 30, 'lstm_3_units': 15, 'dropout': 0.35, 'dropout_recurrent': 0.0}",0.9319092035293579,0.7440000176429749,33,34,45,1,90,30,15,0.35,0.0
0,"{'dense_units': 45, 'amount_lstm': 1, 'lstm_1_units': 90, 'lstm_2_units': 30, 'lstm_3_units': 15, 'dropout': 0.35, 'dropout_recurrent': 0.35}",0.9332443475723267,0.7559999823570251,40,37,45,1,90,30,15,0.35,0.35
0,"{'dense_units': 45, 'amount_lstm': 1, 'lstm_1_units': 90, 'lstm_2_units': 30, 'lstm_3_units': 10, 'dropout': 0.0, 'dropout_recurrent': 0.0}",0.9759679436683655,0.7360000014305115,28,24,45,1,90,30,10,0.0,0.0
0,"{'dense_units': 45, 'amount_lstm': 1, 'lstm_1_units': 90, 'lstm_2_units': 30, 'lstm_3_units': 10, 'dropout': 0.0, 'dropout_recurrent': 0.35}",0.9719626307487488,0.7519999742507935,35,30,45,1,90,30,10,0.0,0.35
0,"{'dense_units': 45, 'amount_lstm': 1, 'lstm_1_units': 90, 'lstm_2_units': 30, 'lstm_3_units': 10, 'dropout': 0.35, 'dropout_recurrent': 0.0}",0.9425901174545288,0.7239999771118164,33,14,45,1,90,30,10,0.35,0.0
0,"{'dense_units': 45, 'amount_lstm': 1, 'lstm_1_units': 90, 'lstm_2_units': 30, 'lstm_3_units': 10, 'dropout': 0.35, 'dropout_recurrent': 0.35}",0.9305741190910339,0.7760000228881836,42,33,45,1,90,30,10,0.35,0.35
0,"{'dense_units': 45, 'amount_lstm': 1, 'lstm_1_units': 90, 'lstm_2_units': 20, 'lstm_3_units': 15, 'dropout': 0.0, 'dropout_recurrent': 0.0}",0.979973316192627,0.6959999799728394,26,22,45,1,90,20,15,0.0,0.0
0,"{'dense_units': 45, 'amount_lstm': 1, 'lstm_1_units': 90, 'lstm_2_units': 20, 'lstm_3_units': 15, 'dropout': 0.0, 'dropout_recurrent': 0.35}",0.97062748670578,0.7559999823570251,35,25,45,1,90,20,15,0.0,0.35
0,"{'dense_units': 45, 'amount_lstm': 1, 'lstm_1_units': 90, 'lstm_2_units': 20, 'lstm_3_units': 15, 'dropout': 0.35, 'dropout_recurrent': 0.0}",0.9532710313796997,0.7639999985694885,40,32,45,1,90,20,15,0.35,0.0
0,"{'dense_units': 45, 'amount_lstm': 1, 'lstm_1_units': 90, 'lstm_2_units': 20, 'lstm_3_units': 15, 'dropout': 0.35, 'dropout_recurrent': 0.35}",0.9332443475723267,0.7680000066757202,34,30,45,1,90,20,15,0.35,0.35
0,"{'dense_units': 45, 'amount_lstm': 1, 'lstm_1_units': 90, 'lstm_2_units': 20, 'lstm_3_units': 10, 'dropout': 0.0, 'dropout_recurrent': 0.0}",0.9906542301177979,0.7559999823570251,33,26,45,1,90,20,10,0.0,0.0
0,"{'dense_units': 45, 'amount_lstm': 1, 'lstm_1_units': 90, 'lstm_2_units': 20, 'lstm_3_units': 10, 'dropout': 0.0, 'dropout_recurrent': 0.35}",0.9652870297431946,0.7559999823570251,34,34,45,1,90,20,10,0.0,0.35
0,"{'dense_units': 45, 'amount_lstm': 1, 'lstm_1_units': 90, 'lstm_2_units': 20, 'lstm_3_units': 10, 'dropout': 0.35, 'dropout_recurrent': 0.0}",0.9172229766845703,0.7440000176429749,30,30,45,1,90,20,10,0.35,0.0
0,"{'dense_units': 45, 'amount_lstm': 1, 'lstm_1_units': 90, 'lstm_2_units': 20, 'lstm_3_units': 10, 'dropout': 0.35, 'dropout_recurrent': 0.35}",0.9412550330162048,0.7879999876022339,39,41,45,1,90,20,10,0.35,0.35
0,"{'dense_units': 45, 'amount_lstm': 1, 'lstm_1_units': 45, 'lstm_2_units': 30, 'lstm_3_units': 15, 'dropout': 0.0, 'dropout_recurrent': 0.0}",0.9492656588554382,0.6959999799728394,33,36,45,1,45,30,15,0.0,0.0
0,"{'dense_units': 45, 'amount_lstm': 1, 'lstm_1_units': 45, 'lstm_2_units': 30, 'lstm_3_units': 15, 'dropout': 0.0, 'dropout_recurrent': 0.35}",0.950600802898407,0.7360000014305115,50,48,45,1,45,30,15,0.0,0.35
0,"{'dense_units': 45, 'amount_lstm': 1, 'lstm_1_units': 45, 'lstm_2_units': 30, 'lstm_3_units': 15, 'dropout': 0.35, 'dropout_recurrent': 0.0}",0.9065420627593994,0.7680000066757202,46,49,45,1,45,30,15,0.35,0.0
0,"{'dense_units': 45, 'amount_lstm': 1, 'lstm_1_units': 45, 'lstm_2_units': 30, 'lstm_3_units': 15, 'dropout': 0.35, 'dropout_recurrent': 0.35}",0.9225634336471558,0.7599999904632568,65,57,45,1,45,30,15,0.35,0.35
0,"{'dense_units': 45, 'amount_lstm': 1, 'lstm_1_units': 45, 'lstm_2_units': 30, 'lstm_3_units': 10, 'dropout': 0.0, 'dropout_recurrent': 0.0}",0.9626168012619019,0.6800000071525574,38,38,45,1,45,30,10,0.0,0.0
0,"{'dense_units': 45, 'amount_lstm': 1, 'lstm_1_units': 45, 'lstm_2_units': 30, 'lstm_3_units': 10, 'dropout': 0.0, 'dropout_recurrent': 0.35}",0.9666221737861633,0.7720000147819519,53,53,45,1,45,30,10,0.0,0.35
0,"{'dense_units': 45, 'amount_lstm': 1, 'lstm_1_units': 45, 'lstm_2_units': 30, 'lstm_3_units': 10, 'dropout': 0.35, 'dropout_recurrent': 0.0}",0.9319092035293579,0.7799999713897705,58,53,45,1,45,30,10,0.35,0.0
0,"{'dense_units': 45, 'amount_lstm': 1, 'lstm_1_units': 45, 'lstm_2_units': 30, 'lstm_3_units': 10, 'dropout': 0.35, 'dropout_recurrent': 0.35}",0.9145527482032776,0.7559999823570251,55,41,45,1,45,30,10,0.35,0.35
0,"{'dense_units': 45, 'amount_lstm': 1, 'lstm_1_units': 45, 'lstm_2_units': 20, 'lstm_3_units': 15, 'dropout': 0.0, 'dropout_recurrent': 0.0}",0.9572763442993164,0.7080000042915344,37,31,45,1,45,20,15,0.0,0.0
0,"{'dense_units': 45, 'amount_lstm': 1, 'lstm_1_units': 45, 'lstm_2_units': 20, 'lstm_3_units': 15, 'dropout': 0.0, 'dropout_recurrent': 0.35}",0.9586114883422852,0.7639999985694885,52,47,45,1,45,20,15,0.0,0.35
0,"{'dense_units': 45, 'amount_lstm': 1, 'lstm_1_units': 45, 'lstm_2_units': 20, 'lstm_3_units': 15, 'dropout': 0.35, 'dropout_recurrent': 0.0}",0.9145527482032776,0.7239999771118164,52,45,45,1,45,20,15,0.35,0.0
0,"{'dense_units': 45, 'amount_lstm': 1, 'lstm_1_units': 45, 'lstm_2_units': 20, 'lstm_3_units': 15, 'dropout': 0.35, 'dropout_recurrent': 0.35}",0.9132176041603088,0.7799999713897705,61,49,45,1,45,20,15,0.35,0.35
0,"{'dense_units': 45, 'amount_lstm': 1, 'lstm_1_units': 45, 'lstm_2_units': 20, 'lstm_3_units': 10, 'dropout': 0.0, 'dropout_recurrent': 0.0}",0.9559412598609924,0.7160000205039978,37,29,45,1,45,20,10,0.0,0.0
0,"{'dense_units': 45, 'amount_lstm': 1, 'lstm_1_units': 45, 'lstm_2_units': 20, 'lstm_3_units': 10, 'dropout': 0.0, 'dropout_recurrent': 0.35}",0.950600802898407,0.7400000095367432,47,41,45,1,45,20,10,0.0,0.35
0,"{'dense_units': 45, 'amount_lstm': 1, 'lstm_1_units': 45, 'lstm_2_units': 20, 'lstm_3_units': 10, 'dropout': 0.35, 'dropout_recurrent': 0.0}",0.9105473756790161,0.7519999742507935,50,47,45,1,45,20,10,0.35,0.0
0,"{'dense_units': 45, 'amount_lstm': 1, 'lstm_1_units': 45, 'lstm_2_units': 20, 'lstm_3_units': 10, 'dropout': 0.35, 'dropout_recurrent': 0.35}",0.8931909203529358,0.7400000095367432,50,48,45,1,45,20,10,0.35,0.35
0,"{'dense_units': 45, 'amount_lstm': 2, 'lstm_1_units': 90, 'lstm_2_units': 30, 'lstm_3_units': 15, 'dropout': 0.0, 'dropout_recurrent': 0.0}",0.9973297715187073,0.7760000228881836,42,37,45,2,90,30,15,0.0,0.0
0,"{'dense_units': 45, 'amount_lstm': 2, 'lstm_1_units': 90, 'lstm_2_units': 30, 'lstm_3_units': 15, 'dropout': 0.0, 'dropout_recurrent': 0.35}",0.951935887336731,0.7680000066757202,29,28,45,2,90,30,15,0.0,0.35
0,"{'dense_units': 45, 'amount_lstm': 2, 'lstm_1_units': 90, 'lstm_2_units': 30, 'lstm_3_units': 15, 'dropout': 0.35, 'dropout_recurrent': 0.0}",0.8945260643959045,0.7599999904632568,34,32,45,2,90,30,15,0.35,0.0
0,"{'dense_units': 45, 'amount_lstm': 2, 'lstm_1_units': 90, 'lstm_2_units': 30, 'lstm_3_units': 15, 'dropout': 0.35, 'dropout_recurrent': 0.35}",0.9532710313796997,0.8080000281333923,52,42,45,2,90,30,15,0.35,0.35
0,"{'dense_units': 45, 'amount_lstm': 2, 'lstm_1_units': 90, 'lstm_2_units': 30, 'lstm_3_units': 10, 'dropout': 0.0, 'dropout_recurrent': 0.0}",0.97062748670578,0.7400000095367432,28,23,45,2,90,30,10,0.0,0.0
0,"{'dense_units': 45, 'amount_lstm': 2, 'lstm_1_units': 90, 'lstm_2_units': 30, 'lstm_3_units': 10, 'dropout': 0.0, 'dropout_recurrent': 0.35}",0.9559412598609924,0.7080000042915344,31,27,45,2,90,30,10,0.0,0.35
0,"{'dense_units': 45, 'amount_lstm': 2, 'lstm_1_units': 90, 'lstm_2_units': 30, 'lstm_3_units': 10, 'dropout': 0.35, 'dropout_recurrent': 0.0}",0.9292389750480652,0.7879999876022339,40,37,45,2,90,30,10,0.35,0.0
0,"{'dense_units': 45, 'amount_lstm': 2, 'lstm_1_units': 90, 'lstm_2_units': 30, 'lstm_3_units': 10, 'dropout': 0.35, 'dropout_recurrent': 0.35}",0.901201605796814,0.7319999933242798,36,25,45,2,90,30,10,0.35,0.35
0,"{'dense_units': 45, 'amount_lstm': 2, 'lstm_1_units': 90, 'lstm_2_units': 20, 'lstm_3_units': 15, 'dropout': 0.0, 'dropout_recurrent': 0.0}",0.9719626307487488,0.7360000014305115,34,31,45,2,90,20,15,0.0,0.0
0,"{'dense_units': 45, 'amount_lstm': 2, 'lstm_1_units': 90, 'lstm_2_units': 20, 'lstm_3_units': 15, 'dropout': 0.0, 'dropout_recurrent': 0.35}",0.9813084006309509,0.7559999823570251,42,32,45,2,90,20,15,0.0,0.35
0,"{'dense_units': 45, 'amount_lstm': 2, 'lstm_1_units': 90, 'lstm_2_units': 20, 'lstm_3_units': 15, 'dropout': 0.35, 'dropout_recurrent': 0.0}",0.9385848045349121,0.7680000066757202,47,38,45,2,90,20,15,0.35,0.0
0,"{'dense_units': 45, 'amount_lstm': 2, 'lstm_1_units': 90, 'lstm_2_units': 20, 'lstm_3_units': 15, 'dropout': 0.35, 'dropout_recurrent': 0.35}",0.8905206918716431,0.7120000123977661,37,34,45,2,90,20,15,0.35,0.35
0,"{'dense_units': 45, 'amount_lstm': 2, 'lstm_1_units': 90, 'lstm_2_units': 20, 'lstm_3_units': 10, 'dropout': 0.0, 'dropout_recurrent': 0.0}",0.9719626307487488,0.7440000176429749,31,26,45,2,90,20,10,0.0,0.0
0,"{'dense_units': 45, 'amount_lstm': 2, 'lstm_1_units': 90, 'lstm_2_units': 20, 'lstm_3_units': 10, 'dropout': 0.0, 'dropout_recurrent': 0.35}",0.9813084006309509,0.7400000095367432,43,42,45,2,90,20,10,0.0,0.35
0,"{'dense_units': 45, 'amount_lstm': 2, 'lstm_1_units': 90, 'lstm_2_units': 20, 'lstm_3_units': 10, 'dropout': 0.35, 'dropout_recurrent': 0.0}",0.9399198889732361,0.7639999985694885,47,36,45,2,90,20,10,0.35,0.0
0,"{'dense_units': 45, 'amount_lstm': 2, 'lstm_1_units': 90, 'lstm_2_units': 20, 'lstm_3_units': 10, 'dropout': 0.35, 'dropout_recurrent': 0.35}",0.9599465727806091,0.7879999876022339,65,54,45,2,90,20,10,0.35,0.35
0,"{'dense_units': 45, 'amount_lstm': 2, 'lstm_1_units': 45, 'lstm_2_units': 30, 'lstm_3_units': 15, 'dropout': 0.0, 'dropout_recurrent': 0.0}",0.9666221737861633,0.7720000147819519,32,26,45,2,45,30,15,0.0,0.0
0,"{'dense_units': 45, 'amount_lstm': 2, 'lstm_1_units': 45, 'lstm_2_units': 30, 'lstm_3_units': 15, 'dropout': 0.0, 'dropout_recurrent': 0.35}",0.9252336621284485,0.7639999985694885,30,28,45,2,45,30,15,0.0,0.35
0,"{'dense_units': 45, 'amount_lstm': 2, 'lstm_1_units': 45, 'lstm_2_units': 30, 'lstm_3_units': 15, 'dropout': 0.35, 'dropout_recurrent': 0.0}",0.8811749219894409,0.7319999933242798,39,37,45,2,45,30,15,0.35,0.0
0,"{'dense_units': 45, 'amount_lstm': 2, 'lstm_1_units': 45, 'lstm_2_units': 30, 'lstm_3_units': 15, 'dropout': 0.35, 'dropout_recurrent': 0.35}",0.9252336621284485,0.7760000228881836,60,57,45,2,45,30,15,0.35,0.35
0,"{'dense_units': 45, 'amount_lstm': 2, 'lstm_1_units': 45, 'lstm_2_units': 30, 'lstm_3_units': 10, 'dropout': 0.0, 'dropout_recurrent': 0.0}",0.9572763442993164,0.699999988079071,29,28,45,2,45,30,10,0.0,0.0
0,"{'dense_units': 45, 'amount_lstm': 2, 'lstm_1_units': 45, 'lstm_2_units': 30, 'lstm_3_units': 10, 'dropout': 0.0, 'dropout_recurrent': 0.35}",0.9465954899787903,0.7200000286102295,38,32,45,2,45,30,10,0.0,0.35
0,"{'dense_units': 45, 'amount_lstm': 2, 'lstm_1_units': 45, 'lstm_2_units': 30, 'lstm_3_units': 10, 'dropout': 0.35, 'dropout_recurrent': 0.0}",0.8891856074333191,0.7440000176429749,41,41,45,2,45,30,10,0.35,0.0
0,"{'dense_units': 45, 'amount_lstm': 2, 'lstm_1_units': 45, 'lstm_2_units': 30, 'lstm_3_units': 10, 'dropout': 0.35, 'dropout_recurrent': 0.35}",0.8464619517326355,0.7200000286102295,40,33,45,2,45,30,10,0.35,0.35
0,"{'dense_units': 45, 'amount_lstm': 2, 'lstm_1_units': 45, 'lstm_2_units': 20, 'lstm_3_units': 15, 'dropout': 0.0, 'dropout_recurrent': 0.0}",0.9319092035293579,0.7039999961853027,32,28,45,2,45,20,15,0.0,0.0
0,"{'dense_units': 45, 'amount_lstm': 2, 'lstm_1_units': 45, 'lstm_2_units': 20, 'lstm_3_units': 15, 'dropout': 0.0, 'dropout_recurrent': 0.35}",0.9425901174545288,0.7440000176429749,45,37,45,2,45,20,15,0.0,0.35
0,"{'dense_units': 45, 'amount_lstm': 2, 'lstm_1_units': 45, 'lstm_2_units': 20, 'lstm_3_units': 15, 'dropout': 0.35, 'dropout_recurrent': 0.0}",0.9105473756790161,0.7599999904632568,57,57,45,2,45,20,15,0.35,0.0
0,"{'dense_units': 45, 'amount_lstm': 2, 'lstm_1_units': 45, 'lstm_2_units': 20, 'lstm_3_units': 15, 'dropout': 0.35, 'dropout_recurrent': 0.35}",0.8731642365455627,0.7680000066757202,49,45,45,2,45,20,15,0.35,0.35
0,"{'dense_units': 45, 'amount_lstm': 2, 'lstm_1_units': 45, 'lstm_2_units': 20, 'lstm_3_units': 10, 'dropout': 0.0, 'dropout_recurrent': 0.0}",0.9586114883422852,0.7080000042915344,38,33,45,2,45,20,10,0.0,0.0
0,"{'dense_units': 45, 'amount_lstm': 2, 'lstm_1_units': 45, 'lstm_2_units': 20, 'lstm_3_units': 10, 'dropout': 0.0, 'dropout_recurrent': 0.35}",0.9572763442993164,0.7360000014305115,51,43,45,2,45,20,10,0.0,0.35
0,"{'dense_units': 45, 'amount_lstm': 2, 'lstm_1_units': 45, 'lstm_2_units': 20, 'lstm_3_units': 10, 'dropout': 0.35, 'dropout_recurrent': 0.0}",0.9092122912406921,0.7599999904632568,54,58,45,2,45,20,10,0.35,0.0
0,"{'dense_units': 45, 'amount_lstm': 2, 'lstm_1_units': 45, 'lstm_2_units': 20, 'lstm_3_units': 10, 'dropout': 0.35, 'dropout_recurrent': 0.35}",0.8651535511016846,0.7599999904632568,47,41,45,2,45,20,10,0.35,0.35
0,"{'dense_units': 45, 'amount_lstm': 3, 'lstm_1_units': 90, 'lstm_2_units': 30, 'lstm_3_units': 15, 'dropout': 0.0, 'dropout_recurrent': 0.0}",0.97062748670578,0.7160000205039978,39,28,45,3,90,30,15,0.0,0.0
0,"{'dense_units': 45, 'amount_lstm': 3, 'lstm_1_units': 90, 'lstm_2_units': 30, 'lstm_3_units': 15, 'dropout': 0.0, 'dropout_recurrent': 0.35}",0.9118825197219849,0.7319999933242798,28,24,45,3,90,30,15,0.0,0.35
0,"{'dense_units': 45, 'amount_lstm': 3, 'lstm_1_units': 90, 'lstm_2_units': 30, 'lstm_3_units': 15, 'dropout': 0.35, 'dropout_recurrent': 0.0}",0.8878504633903503,0.7400000095367432,37,38,45,3,90,30,15,0.35,0.0
0,"{'dense_units': 45, 'amount_lstm': 3, 'lstm_1_units': 90, 'lstm_2_units': 30, 'lstm_3_units': 15, 'dropout': 0.35, 'dropout_recurrent': 0.35}",0.9132176041603088,0.7720000147819519,52,54,45,3,90,30,15,0.35,0.35
0,"{'dense_units': 45, 'amount_lstm': 3, 'lstm_1_units': 90, 'lstm_2_units': 30, 'lstm_3_units': 10, 'dropout': 0.0, 'dropout_recurrent': 0.0}",0.9425901174545288,0.6480000019073486,52,48,45,3,90,30,10,0.0,0.0
0,"{'dense_units': 45, 'amount_lstm': 3, 'lstm_1_units': 90, 'lstm_2_units': 30, 'lstm_3_units': 10, 'dropout': 0.0, 'dropout_recurrent': 0.35}",0.9332443475723267,0.6959999799728394,36,36,45,3,90,30,10,0.0,0.35
0,"{'dense_units': 45, 'amount_lstm': 3, 'lstm_1_units': 90, 'lstm_2_units': 30, 'lstm_3_units': 10, 'dropout': 0.35, 'dropout_recurrent': 0.0}",0.8891856074333191,0.7400000095367432,45,41,45,3,90,30,10,0.35,0.0
0,"{'dense_units': 45, 'amount_lstm': 3, 'lstm_1_units': 90, 'lstm_2_units': 30, 'lstm_3_units': 10, 'dropout': 0.35, 'dropout_recurrent': 0.35}",0.9546061158180237,0.7799999713897705,78,63,45,3,90,30,10,0.35,0.35
0,"{'dense_units': 45, 'amount_lstm': 3, 'lstm_1_units': 90, 'lstm_2_units': 20, 'lstm_3_units': 15, 'dropout': 0.0, 'dropout_recurrent': 0.0}",0.9479305744171143,0.7200000286102295,32,24,45,3,90,20,15,0.0,0.0
0,"{'dense_units': 45, 'amount_lstm': 3, 'lstm_1_units': 90, 'lstm_2_units': 20, 'lstm_3_units': 15, 'dropout': 0.0, 'dropout_recurrent': 0.35}",0.9719626307487488,0.7480000257492065,43,41,45,3,90,20,15,0.0,0.35
0,"{'dense_units': 45, 'amount_lstm': 3, 'lstm_1_units': 90, 'lstm_2_units': 20, 'lstm_3_units': 15, 'dropout': 0.35, 'dropout_recurrent': 0.0}",0.8825100064277649,0.699999988079071,39,40,45,3,90,20,15,0.35,0.0
0,"{'dense_units': 45, 'amount_lstm': 3, 'lstm_1_units': 90, 'lstm_2_units': 20, 'lstm_3_units': 15, 'dropout': 0.35, 'dropout_recurrent': 0.35}",0.9132176041603088,0.7440000176429749,55,50,45,3,90,20,15,0.35,0.35
0,"{'dense_units': 45, 'amount_lstm': 3, 'lstm_1_units': 90, 'lstm_2_units': 20, 'lstm_3_units': 10, 'dropout': 0.0, 'dropout_recurrent': 0.0}",0.9532710313796997,0.6840000152587891,47,40,45,3,90,20,10,0.0,0.0
0,"{'dense_units': 45, 'amount_lstm': 3, 'lstm_1_units': 90, 'lstm_2_units': 20, 'lstm_3_units': 10, 'dropout': 0.0, 'dropout_recurrent': 0.35}",0.9732977151870728,0.7239999771118164,57,60,45,3,90,20,10,0.0,0.35
0,"{'dense_units': 45, 'amount_lstm': 3, 'lstm_1_units': 90, 'lstm_2_units': 20, 'lstm_3_units': 10, 'dropout': 0.35, 'dropout_recurrent': 0.0}",0.9092122912406921,0.7680000066757202,60,52,45,3,90,20,10,0.35,0.0
0,"{'dense_units': 45, 'amount_lstm': 3, 'lstm_1_units': 90, 'lstm_2_units': 20, 'lstm_3_units': 10, 'dropout': 0.35, 'dropout_recurrent': 0.35}",0.9078771471977234,0.7519999742507935,64,61,45,3,90,20,10,0.35,0.35
0,"{'dense_units': 45, 'amount_lstm': 3, 'lstm_1_units': 45, 'lstm_2_units': 30, 'lstm_3_units': 15, 'dropout': 0.0, 'dropout_recurrent': 0.0}",0.9479305744171143,0.7239999771118164,36,36,45,3,45,30,15,0.0,0.0
0,"{'dense_units': 45, 'amount_lstm': 3, 'lstm_1_units': 45, 'lstm_2_units': 30, 'lstm_3_units': 15, 'dropout': 0.0, 'dropout_recurrent': 0.35}",0.9652870297431946,0.7440000176429749,47,46,45,3,45,30,15,0.0,0.35
0,"{'dense_units': 45, 'amount_lstm': 3, 'lstm_1_units': 45, 'lstm_2_units': 30, 'lstm_3_units': 15, 'dropout': 0.35, 'dropout_recurrent': 0.0}",0.8851802349090576,0.7559999823570251,61,52,45,3,45,30,15,0.35,0.0
0,"{'dense_units': 45, 'amount_lstm': 3, 'lstm_1_units': 45, 'lstm_2_units': 30, 'lstm_3_units': 15, 'dropout': 0.35, 'dropout_recurrent': 0.35}",0.8584779500961304,0.7279999852180481,54,46,45,3,45,30,15,0.35,0.35
0,"{'dense_units': 45, 'amount_lstm': 3, 'lstm_1_units': 45, 'lstm_2_units': 30, 'lstm_3_units': 10, 'dropout': 0.0, 'dropout_recurrent': 0.0}",0.9773030877113342,0.7480000257492065,65,59,45,3,45,30,10,0.0,0.0
0,"{'dense_units': 45, 'amount_lstm': 3, 'lstm_1_units': 45, 'lstm_2_units': 30, 'lstm_3_units': 10, 'dropout': 0.0, 'dropout_recurrent': 0.35}",0.9332443475723267,0.7319999933242798,41,35,45,3,45,30,10,0.0,0.35
0,"{'dense_units': 45, 'amount_lstm': 3, 'lstm_1_units': 45, 'lstm_2_units': 30, 'lstm_3_units': 10, 'dropout': 0.35, 'dropout_recurrent': 0.0}",0.9172229766845703,0.7559999823570251,89,77,45,3,45,30,10,0.35,0.0
0,"{'dense_units': 45, 'amount_lstm': 3, 'lstm_1_units': 45, 'lstm_2_units': 30, 'lstm_3_units': 10, 'dropout': 0.35, 'dropout_recurrent': 0.35}",0.8731642365455627,0.7360000014305115,75,74,45,3,45,30,10,0.35,0.35
0,"{'dense_units': 45, 'amount_lstm': 3, 'lstm_1_units': 45, 'lstm_2_units': 20, 'lstm_3_units': 15, 'dropout': 0.0, 'dropout_recurrent': 0.0}",0.9746328592300415,0.7440000176429749,47,45,45,3,45,20,15,0.0,0.0
0,"{'dense_units': 45, 'amount_lstm': 3, 'lstm_1_units': 45, 'lstm_2_units': 20, 'lstm_3_units': 15, 'dropout': 0.0, 'dropout_recurrent': 0.35}",0.9439252614974976,0.7440000176429749,42,37,45,3,45,20,15,0.0,0.35
0,"{'dense_units': 45, 'amount_lstm': 3, 'lstm_1_units': 45, 'lstm_2_units': 20, 'lstm_3_units': 15, 'dropout': 0.35, 'dropout_recurrent': 0.0}",0.7783711552619934,0.7080000042915344,41,30,45,3,45,20,15,0.35,0.0
0,"{'dense_units': 45, 'amount_lstm': 3, 'lstm_1_units': 45, 'lstm_2_units': 20, 'lstm_3_units': 15, 'dropout': 0.35, 'dropout_recurrent': 0.35}",0.8998664617538452,0.7839999794960022,68,66,45,3,45,20,15,0.35,0.35
0,"{'dense_units': 45, 'amount_lstm': 3, 'lstm_1_units': 45, 'lstm_2_units': 20, 'lstm_3_units': 10, 'dropout': 0.0, 'dropout_recurrent': 0.0}",0.9225634336471558,0.6439999938011169,40,37,45,3,45,20,10,0.0,0.0
0,"{'dense_units': 45, 'amount_lstm': 3, 'lstm_1_units': 45, 'lstm_2_units': 20, 'lstm_3_units': 10, 'dropout': 0.0, 'dropout_recurrent': 0.35}",0.9038718342781067,0.671999990940094,61,60,45,3,45,20,10,0.0,0.35
0,"{'dense_units': 45, 'amount_lstm': 3, 'lstm_1_units': 45, 'lstm_2_units': 20, 'lstm_3_units': 10, 'dropout': 0.35, 'dropout_recurrent': 0.0}",0.8878504633903503,0.7559999823570251,71,72,45,3,45,20,10,0.35,0.0
0,"{'dense_units': 45, 'amount_lstm': 3, 'lstm_1_units': 45, 'lstm_2_units': 20, 'lstm_3_units': 10, 'dropout': 0.35, 'dropout_recurrent': 0.35}",0.8758344650268555,0.7720000147819519,80,80,45,3,45,20,10,0.35,0.35
