,exp_name,acc,val_acc,best_epoch_acc,best_epoch_val_acc,dense_units,amount_lstm,lstm_1_units,lstm_2_units,lstm_3_units,dropout,dropout_recurrent
0,"{'dense_units': 90, 'amount_lstm': 1, 'lstm_1_units': 90, 'lstm_2_units': 30, 'lstm_3_units': 15, 'dropout': 0.0, 'dropout_recurrent': 0.0}",0.9946595430374146,0.7360000014305115,24,15,0,1,90,30,15,0.0,0.0
0,"{'dense_units': 90, 'amount_lstm': 1, 'lstm_1_units': 90, 'lstm_2_units': 30, 'lstm_3_units': 15, 'dropout': 0.0, 'dropout_recurrent': 0.35}",0.9933244585990906,0.7680000066757202,58,42,0,1,90,30,15,0.0,0.35
0,"{'dense_units': 90, 'amount_lstm': 1, 'lstm_1_units': 90, 'lstm_2_units': 30, 'lstm_3_units': 15, 'dropout': 0.35, 'dropout_recurrent': 0.0}",0.979973316192627,0.7559999823570251,30,23,0,1,90,30,15,0.35,0.0
0,"{'dense_units': 90, 'amount_lstm': 1, 'lstm_1_units': 90, 'lstm_2_units': 30, 'lstm_3_units': 15, 'dropout': 0.35, 'dropout_recurrent': 0.35}",0.9546061158180237,0.7919999957084656,70,67,0,1,90,30,15,0.35,0.35
0,"{'dense_units': 90, 'amount_lstm': 1, 'lstm_1_units': 90, 'lstm_2_units': 30, 'lstm_3_units': 10, 'dropout': 0.0, 'dropout_recurrent': 0.0}",0.9973297715187073,0.7519999742507935,27,25,0,1,90,30,10,0.0,0.0
0,"{'dense_units': 90, 'amount_lstm': 1, 'lstm_1_units': 90, 'lstm_2_units': 30, 'lstm_3_units': 10, 'dropout': 0.0, 'dropout_recurrent': 0.35}",0.9786381721496582,0.7519999742507935,45,41,0,1,90,30,10,0.0,0.35
0,"{'dense_units': 90, 'amount_lstm': 1, 'lstm_1_units': 90, 'lstm_2_units': 30, 'lstm_3_units': 10, 'dropout': 0.35, 'dropout_recurrent': 0.0}",0.9586114883422852,0.7440000176429749,26,23,0,1,90,30,10,0.35,0.0
0,"{'dense_units': 90, 'amount_lstm': 1, 'lstm_1_units': 90, 'lstm_2_units': 30, 'lstm_3_units': 10, 'dropout': 0.35, 'dropout_recurrent': 0.35}",0.9599465727806091,0.8199999928474426,68,66,0,1,90,30,10,0.35,0.35
0,"{'dense_units': 90, 'amount_lstm': 1, 'lstm_1_units': 90, 'lstm_2_units': 20, 'lstm_3_units': 15, 'dropout': 0.0, 'dropout_recurrent': 0.0}",0.9839786291122437,0.7239999771118164,20,17,0,1,90,20,15,0.0,0.0
0,"{'dense_units': 90, 'amount_lstm': 1, 'lstm_1_units': 90, 'lstm_2_units': 20, 'lstm_3_units': 15, 'dropout': 0.0, 'dropout_recurrent': 0.35}",0.9719626307487488,0.7879999876022339,44,36,0,1,90,20,15,0.0,0.35
0,"{'dense_units': 90, 'amount_lstm': 1, 'lstm_1_units': 90, 'lstm_2_units': 20, 'lstm_3_units': 15, 'dropout': 0.35, 'dropout_recurrent': 0.0}",0.950600802898407,0.7360000014305115,27,25,0,1,90,20,15,0.35,0.0
0,"{'dense_units': 90, 'amount_lstm': 1, 'lstm_1_units': 90, 'lstm_2_units': 20, 'lstm_3_units': 15, 'dropout': 0.35, 'dropout_recurrent': 0.35}",0.9452603459358215,0.7720000147819519,67,50,0,1,90,20,15,0.35,0.35
0,"{'dense_units': 90, 'amount_lstm': 1, 'lstm_1_units': 90, 'lstm_2_units': 20, 'lstm_3_units': 10, 'dropout': 0.0, 'dropout_recurrent': 0.0}",0.9906542301177979,0.7360000014305115,23,19,0,1,90,20,10,0.0,0.0
0,"{'dense_units': 90, 'amount_lstm': 1, 'lstm_1_units': 90, 'lstm_2_units': 20, 'lstm_3_units': 10, 'dropout': 0.0, 'dropout_recurrent': 0.35}",0.9679572582244873,0.8199999928474426,40,30,0,1,90,20,10,0.0,0.35
0,"{'dense_units': 90, 'amount_lstm': 1, 'lstm_1_units': 90, 'lstm_2_units': 20, 'lstm_3_units': 10, 'dropout': 0.35, 'dropout_recurrent': 0.0}",0.9652870297431946,0.7680000066757202,30,28,0,1,90,20,10,0.35,0.0
0,"{'dense_units': 90, 'amount_lstm': 1, 'lstm_1_units': 90, 'lstm_2_units': 20, 'lstm_3_units': 10, 'dropout': 0.35, 'dropout_recurrent': 0.35}",0.9279038906097412,0.8119999766349792,55,44,0,1,90,20,10,0.35,0.35
0,"{'dense_units': 90, 'amount_lstm': 1, 'lstm_1_units': 45, 'lstm_2_units': 30, 'lstm_3_units': 15, 'dropout': 0.0, 'dropout_recurrent': 0.0}",0.97062748670578,0.7039999961853027,29,25,0,1,45,30,15,0.0,0.0
0,"{'dense_units': 90, 'amount_lstm': 1, 'lstm_1_units': 45, 'lstm_2_units': 30, 'lstm_3_units': 15, 'dropout': 0.0, 'dropout_recurrent': 0.35}",0.9826435446739197,0.7960000038146973,64,58,0,1,45,30,15,0.0,0.35
0,"{'dense_units': 90, 'amount_lstm': 1, 'lstm_1_units': 45, 'lstm_2_units': 30, 'lstm_3_units': 15, 'dropout': 0.35, 'dropout_recurrent': 0.0}",0.9439252614974976,0.7720000147819519,43,40,0,1,45,30,15,0.35,0.0
0,"{'dense_units': 90, 'amount_lstm': 1, 'lstm_1_units': 45, 'lstm_2_units': 30, 'lstm_3_units': 15, 'dropout': 0.35, 'dropout_recurrent': 0.35}",0.9065420627593994,0.7680000066757202,76,71,0,1,45,30,15,0.35,0.35
0,"{'dense_units': 90, 'amount_lstm': 1, 'lstm_1_units': 45, 'lstm_2_units': 30, 'lstm_3_units': 10, 'dropout': 0.0, 'dropout_recurrent': 0.0}",0.9919893145561218,0.699999988079071,38,34,0,1,45,30,10,0.0,0.0
0,"{'dense_units': 90, 'amount_lstm': 1, 'lstm_1_units': 45, 'lstm_2_units': 30, 'lstm_3_units': 10, 'dropout': 0.0, 'dropout_recurrent': 0.35}",0.9479305744171143,0.7480000257492065,49,43,0,1,45,30,10,0.0,0.35
0,"{'dense_units': 90, 'amount_lstm': 1, 'lstm_1_units': 45, 'lstm_2_units': 30, 'lstm_3_units': 10, 'dropout': 0.35, 'dropout_recurrent': 0.0}",0.9479305744171143,0.7360000014305115,45,36,0,1,45,30,10,0.35,0.0
0,"{'dense_units': 90, 'amount_lstm': 1, 'lstm_1_units': 45, 'lstm_2_units': 30, 'lstm_3_units': 10, 'dropout': 0.35, 'dropout_recurrent': 0.35}",0.9225634336471558,0.800000011920929,84,66,0,1,45,30,10,0.35,0.35
0,"{'dense_units': 90, 'amount_lstm': 1, 'lstm_1_units': 45, 'lstm_2_units': 20, 'lstm_3_units': 15, 'dropout': 0.0, 'dropout_recurrent': 0.0}",0.9732977151870728,0.7279999852180481,26,29,0,1,45,20,15,0.0,0.0
0,"{'dense_units': 90, 'amount_lstm': 1, 'lstm_1_units': 45, 'lstm_2_units': 20, 'lstm_3_units': 15, 'dropout': 0.0, 'dropout_recurrent': 0.35}",0.9826435446739197,0.7919999957084656,72,62,0,1,45,20,15,0.0,0.35
0,"{'dense_units': 90, 'amount_lstm': 1, 'lstm_1_units': 45, 'lstm_2_units': 20, 'lstm_3_units': 15, 'dropout': 0.35, 'dropout_recurrent': 0.0}",0.9746328592300415,0.7559999823570251,54,50,0,1,45,20,15,0.35,0.0
0,"{'dense_units': 90, 'amount_lstm': 1, 'lstm_1_units': 45, 'lstm_2_units': 20, 'lstm_3_units': 15, 'dropout': 0.35, 'dropout_recurrent': 0.35}",0.921228289604187,0.7960000038146973,91,84,0,1,45,20,15,0.35,0.35
0,"{'dense_units': 90, 'amount_lstm': 1, 'lstm_1_units': 45, 'lstm_2_units': 20, 'lstm_3_units': 10, 'dropout': 0.0, 'dropout_recurrent': 0.0}",0.9813084006309509,0.6959999799728394,35,19,0,1,45,20,10,0.0,0.0
0,"{'dense_units': 90, 'amount_lstm': 1, 'lstm_1_units': 45, 'lstm_2_units': 20, 'lstm_3_units': 10, 'dropout': 0.0, 'dropout_recurrent': 0.35}",0.9666221737861633,0.7960000038146973,55,51,0,1,45,20,10,0.0,0.35
0,"{'dense_units': 90, 'amount_lstm': 1, 'lstm_1_units': 45, 'lstm_2_units': 20, 'lstm_3_units': 10, 'dropout': 0.35, 'dropout_recurrent': 0.0}",0.9425901174545288,0.7360000014305115,41,26,0,1,45,20,10,0.35,0.0
0,"{'dense_units': 90, 'amount_lstm': 1, 'lstm_1_units': 45, 'lstm_2_units': 20, 'lstm_3_units': 10, 'dropout': 0.35, 'dropout_recurrent': 0.35}",0.9412550330162048,0.8360000252723694,101,95,0,1,45,20,10,0.35,0.35
0,"{'dense_units': 90, 'amount_lstm': 2, 'lstm_1_units': 90, 'lstm_2_units': 30, 'lstm_3_units': 15, 'dropout': 0.0, 'dropout_recurrent': 0.0}",0.9919893145561218,0.7760000228881836,28,22,0,2,90,30,15,0.0,0.0
0,"{'dense_units': 90, 'amount_lstm': 2, 'lstm_1_units': 90, 'lstm_2_units': 30, 'lstm_3_units': 15, 'dropout': 0.0, 'dropout_recurrent': 0.35}",0.950600802898407,0.7799999713897705,35,28,0,2,90,30,15,0.0,0.35
0,"{'dense_units': 90, 'amount_lstm': 2, 'lstm_1_units': 90, 'lstm_2_units': 30, 'lstm_3_units': 15, 'dropout': 0.35, 'dropout_recurrent': 0.0}",0.9666221737861633,0.7599999904632568,36,31,0,2,90,30,15,0.35,0.0
0,"{'dense_units': 90, 'amount_lstm': 2, 'lstm_1_units': 90, 'lstm_2_units': 30, 'lstm_3_units': 15, 'dropout': 0.35, 'dropout_recurrent': 0.35}",0.8758344650268555,0.7960000038146973,48,53,0,2,90,30,15,0.35,0.35
0,"{'dense_units': 90, 'amount_lstm': 2, 'lstm_1_units': 90, 'lstm_2_units': 30, 'lstm_3_units': 10, 'dropout': 0.0, 'dropout_recurrent': 0.0}",0.9853137731552124,0.6880000233650208,23,15,0,2,90,30,10,0.0,0.0
0,"{'dense_units': 90, 'amount_lstm': 2, 'lstm_1_units': 90, 'lstm_2_units': 30, 'lstm_3_units': 10, 'dropout': 0.0, 'dropout_recurrent': 0.35}",0.9773030877113342,0.7960000038146973,47,41,0,2,90,30,10,0.0,0.35
0,"{'dense_units': 90, 'amount_lstm': 2, 'lstm_1_units': 90, 'lstm_2_units': 30, 'lstm_3_units': 10, 'dropout': 0.35, 'dropout_recurrent': 0.0}",0.9238985180854797,0.7360000014305115,27,23,0,2,90,30,10,0.35,0.0
0,"{'dense_units': 90, 'amount_lstm': 2, 'lstm_1_units': 90, 'lstm_2_units': 30, 'lstm_3_units': 10, 'dropout': 0.35, 'dropout_recurrent': 0.35}",0.8744993209838867,0.7720000147819519,57,58,0,2,90,30,10,0.35,0.35
0,"{'dense_units': 90, 'amount_lstm': 2, 'lstm_1_units': 90, 'lstm_2_units': 20, 'lstm_3_units': 15, 'dropout': 0.0, 'dropout_recurrent': 0.0}",0.9893190860748291,0.7599999904632568,31,23,0,2,90,20,15,0.0,0.0
0,"{'dense_units': 90, 'amount_lstm': 2, 'lstm_1_units': 90, 'lstm_2_units': 20, 'lstm_3_units': 15, 'dropout': 0.0, 'dropout_recurrent': 0.35}",0.9532710313796997,0.7760000228881836,37,36,0,2,90,20,15,0.0,0.35
0,"{'dense_units': 90, 'amount_lstm': 2, 'lstm_1_units': 90, 'lstm_2_units': 20, 'lstm_3_units': 15, 'dropout': 0.35, 'dropout_recurrent': 0.0}",0.9319092035293579,0.7239999771118164,30,27,0,2,90,20,15,0.35,0.0
0,"{'dense_units': 90, 'amount_lstm': 2, 'lstm_1_units': 90, 'lstm_2_units': 20, 'lstm_3_units': 15, 'dropout': 0.35, 'dropout_recurrent': 0.35}",0.8785046935081482,0.8040000200271606,63,49,0,2,90,20,15,0.35,0.35
0,"{'dense_units': 90, 'amount_lstm': 2, 'lstm_1_units': 90, 'lstm_2_units': 20, 'lstm_3_units': 10, 'dropout': 0.0, 'dropout_recurrent': 0.0}",0.9933244585990906,0.7319999933242798,40,35,0,2,90,20,10,0.0,0.0
0,"{'dense_units': 90, 'amount_lstm': 2, 'lstm_1_units': 90, 'lstm_2_units': 20, 'lstm_3_units': 10, 'dropout': 0.0, 'dropout_recurrent': 0.35}",0.9732977151870728,0.7839999794960022,45,47,0,2,90,20,10,0.0,0.35
0,"{'dense_units': 90, 'amount_lstm': 2, 'lstm_1_units': 90, 'lstm_2_units': 20, 'lstm_3_units': 10, 'dropout': 0.35, 'dropout_recurrent': 0.0}",0.9479305744171143,0.7519999742507935,38,36,0,2,90,20,10,0.35,0.0
0,"{'dense_units': 90, 'amount_lstm': 2, 'lstm_1_units': 90, 'lstm_2_units': 20, 'lstm_3_units': 10, 'dropout': 0.35, 'dropout_recurrent': 0.35}",0.8971962332725525,0.800000011920929,66,66,0,2,90,20,10,0.35,0.35
0,"{'dense_units': 90, 'amount_lstm': 2, 'lstm_1_units': 45, 'lstm_2_units': 30, 'lstm_3_units': 15, 'dropout': 0.0, 'dropout_recurrent': 0.0}",0.969292402267456,0.7120000123977661,27,23,0,2,45,30,15,0.0,0.0
0,"{'dense_units': 90, 'amount_lstm': 2, 'lstm_1_units': 45, 'lstm_2_units': 30, 'lstm_3_units': 15, 'dropout': 0.0, 'dropout_recurrent': 0.35}",0.9439252614974976,0.7720000147819519,42,42,0,2,45,30,15,0.0,0.35
0,"{'dense_units': 90, 'amount_lstm': 2, 'lstm_1_units': 45, 'lstm_2_units': 30, 'lstm_3_units': 15, 'dropout': 0.35, 'dropout_recurrent': 0.0}",0.9385848045349121,0.7440000176429749,43,45,0,2,45,30,15,0.35,0.0
0,"{'dense_units': 90, 'amount_lstm': 2, 'lstm_1_units': 45, 'lstm_2_units': 30, 'lstm_3_units': 15, 'dropout': 0.35, 'dropout_recurrent': 0.35}",0.8611481785774231,0.7839999794960022,76,75,0,2,45,30,15,0.35,0.35
0,"{'dense_units': 90, 'amount_lstm': 2, 'lstm_1_units': 45, 'lstm_2_units': 30, 'lstm_3_units': 10, 'dropout': 0.0, 'dropout_recurrent': 0.0}",0.9773030877113342,0.7440000176429749,25,18,0,2,45,30,10,0.0,0.0
0,"{'dense_units': 90, 'amount_lstm': 2, 'lstm_1_units': 45, 'lstm_2_units': 30, 'lstm_3_units': 10, 'dropout': 0.0, 'dropout_recurrent': 0.35}",0.9479305744171143,0.7400000095367432,41,33,0,2,45,30,10,0.0,0.35
0,"{'dense_units': 90, 'amount_lstm': 2, 'lstm_1_units': 45, 'lstm_2_units': 30, 'lstm_3_units': 10, 'dropout': 0.35, 'dropout_recurrent': 0.0}",0.9425901174545288,0.800000011920929,44,44,0,2,45,30,10,0.35,0.0
0,"{'dense_units': 90, 'amount_lstm': 2, 'lstm_1_units': 45, 'lstm_2_units': 30, 'lstm_3_units': 10, 'dropout': 0.35, 'dropout_recurrent': 0.35}",0.7890520691871643,0.7760000228881836,51,53,0,2,45,30,10,0.35,0.35
0,"{'dense_units': 90, 'amount_lstm': 2, 'lstm_1_units': 45, 'lstm_2_units': 20, 'lstm_3_units': 15, 'dropout': 0.0, 'dropout_recurrent': 0.0}",0.9746328592300415,0.7120000123977661,35,35,0,2,45,20,15,0.0,0.0
0,"{'dense_units': 90, 'amount_lstm': 2, 'lstm_1_units': 45, 'lstm_2_units': 20, 'lstm_3_units': 15, 'dropout': 0.0, 'dropout_recurrent': 0.35}",0.950600802898407,0.7599999904632568,42,41,0,2,45,20,15,0.0,0.35
0,"{'dense_units': 90, 'amount_lstm': 2, 'lstm_1_units': 45, 'lstm_2_units': 20, 'lstm_3_units': 15, 'dropout': 0.35, 'dropout_recurrent': 0.0}",0.9025366902351379,0.7239999771118164,36,33,0,2,45,20,15,0.35,0.0
