,exp_name,acc,val_acc,best_epoch_acc,best_epoch_val_acc,cnn_1_filters,cnn_2_filters,cnn_kernel,amount_lstm,lstm_1_units,lstm_2_units,lstm_3_units,dropout,dropout_recurrent
0,"{'cnn_1_filters': 16, 'cnn_2_filters': 16, 'cnn_kernel': 5, 'amount_lstm': 1, 'lstm_1_units': 90, 'lstm_2_units': 30, 'lstm_3_units': 15, 'dropout': 0.0, 'dropout_recurrent': 0.0}",0.9732977151870728,0.8159999847412109,34,34,16,16,5,1,90,30,15,0.0,0.0
0,"{'cnn_1_filters': 16, 'cnn_2_filters': 16, 'cnn_kernel': 5, 'amount_lstm': 1, 'lstm_1_units': 90, 'lstm_2_units': 30, 'lstm_3_units': 15, 'dropout': 0.0, 'dropout_recurrent': 0.35}",0.9759679436683655,0.828000009059906,59,46,16,16,5,1,90,30,15,0.0,0.35
0,"{'cnn_1_filters': 16, 'cnn_2_filters': 16, 'cnn_kernel': 5, 'amount_lstm': 1, 'lstm_1_units': 90, 'lstm_2_units': 30, 'lstm_3_units': 15, 'dropout': 0.35, 'dropout_recurrent': 0.0}",0.9599465727806091,0.8159999847412109,35,27,16,16,5,1,90,30,15,0.35,0.0
0,"{'cnn_1_filters': 16, 'cnn_2_filters': 16, 'cnn_kernel': 5, 'amount_lstm': 1, 'lstm_1_units': 90, 'lstm_2_units': 30, 'lstm_3_units': 15, 'dropout': 0.35, 'dropout_recurrent': 0.35}",0.9345794320106506,0.8159999847412109,75,66,16,16,5,1,90,30,15,0.35,0.35
0,"{'cnn_1_filters': 16, 'cnn_2_filters': 16, 'cnn_kernel': 5, 'amount_lstm': 1, 'lstm_1_units': 90, 'lstm_2_units': 30, 'lstm_3_units': 10, 'dropout': 0.0, 'dropout_recurrent': 0.0}",0.9559412598609924,0.7839999794960022,28,29,16,16,5,1,90,30,10,0.0,0.0
0,"{'cnn_1_filters': 16, 'cnn_2_filters': 16, 'cnn_kernel': 5, 'amount_lstm': 1, 'lstm_1_units': 90, 'lstm_2_units': 30, 'lstm_3_units': 10, 'dropout': 0.0, 'dropout_recurrent': 0.35}",0.969292402267456,0.8040000200271606,53,28,16,16,5,1,90,30,10,0.0,0.35
0,"{'cnn_1_filters': 16, 'cnn_2_filters': 16, 'cnn_kernel': 5, 'amount_lstm': 1, 'lstm_1_units': 90, 'lstm_2_units': 30, 'lstm_3_units': 10, 'dropout': 0.35, 'dropout_recurrent': 0.0}",0.9826435446739197,0.8159999847412109,42,36,16,16,5,1,90,30,10,0.35,0.0
0,"{'cnn_1_filters': 16, 'cnn_2_filters': 16, 'cnn_kernel': 5, 'amount_lstm': 1, 'lstm_1_units': 90, 'lstm_2_units': 30, 'lstm_3_units': 10, 'dropout': 0.35, 'dropout_recurrent': 0.35}",0.9332443475723267,0.8240000009536743,65,65,16,16,5,1,90,30,10,0.35,0.35
0,"{'cnn_1_filters': 16, 'cnn_2_filters': 16, 'cnn_kernel': 5, 'amount_lstm': 1, 'lstm_1_units': 90, 'lstm_2_units': 20, 'lstm_3_units': 15, 'dropout': 0.0, 'dropout_recurrent': 0.0}",0.9546061158180237,0.7960000038146973,32,27,16,16,5,1,90,20,15,0.0,0.0
0,"{'cnn_1_filters': 16, 'cnn_2_filters': 16, 'cnn_kernel': 5, 'amount_lstm': 1, 'lstm_1_units': 90, 'lstm_2_units': 20, 'lstm_3_units': 15, 'dropout': 0.0, 'dropout_recurrent': 0.35}",0.9652870297431946,0.8240000009536743,52,51,16,16,5,1,90,20,15,0.0,0.35
0,"{'cnn_1_filters': 16, 'cnn_2_filters': 16, 'cnn_kernel': 5, 'amount_lstm': 1, 'lstm_1_units': 90, 'lstm_2_units': 20, 'lstm_3_units': 15, 'dropout': 0.35, 'dropout_recurrent': 0.0}",0.9879840016365051,0.8080000281333923,46,40,16,16,5,1,90,20,15,0.35,0.0
0,"{'cnn_1_filters': 16, 'cnn_2_filters': 16, 'cnn_kernel': 5, 'amount_lstm': 1, 'lstm_1_units': 90, 'lstm_2_units': 20, 'lstm_3_units': 15, 'dropout': 0.35, 'dropout_recurrent': 0.35}",0.9586114883422852,0.843999981880188,81,73,16,16,5,1,90,20,15,0.35,0.35
0,"{'cnn_1_filters': 16, 'cnn_2_filters': 16, 'cnn_kernel': 5, 'amount_lstm': 1, 'lstm_1_units': 90, 'lstm_2_units': 20, 'lstm_3_units': 10, 'dropout': 0.0, 'dropout_recurrent': 0.0}",0.9225634336471558,0.7879999876022339,27,28,16,16,5,1,90,20,10,0.0,0.0
0,"{'cnn_1_filters': 16, 'cnn_2_filters': 16, 'cnn_kernel': 5, 'amount_lstm': 1, 'lstm_1_units': 90, 'lstm_2_units': 20, 'lstm_3_units': 10, 'dropout': 0.0, 'dropout_recurrent': 0.35}",0.9732977151870728,0.8479999899864197,53,51,16,16,5,1,90,20,10,0.0,0.35
0,"{'cnn_1_filters': 16, 'cnn_2_filters': 16, 'cnn_kernel': 5, 'amount_lstm': 1, 'lstm_1_units': 90, 'lstm_2_units': 20, 'lstm_3_units': 10, 'dropout': 0.35, 'dropout_recurrent': 0.0}",0.9759679436683655,0.7919999957084656,40,38,16,16,5,1,90,20,10,0.35,0.0
0,"{'cnn_1_filters': 16, 'cnn_2_filters': 16, 'cnn_kernel': 5, 'amount_lstm': 1, 'lstm_1_units': 90, 'lstm_2_units': 20, 'lstm_3_units': 10, 'dropout': 0.35, 'dropout_recurrent': 0.35}",0.9065420627593994,0.8159999847412109,58,52,16,16,5,1,90,20,10,0.35,0.35
0,"{'cnn_1_filters': 16, 'cnn_2_filters': 16, 'cnn_kernel': 5, 'amount_lstm': 1, 'lstm_1_units': 45, 'lstm_2_units': 30, 'lstm_3_units': 15, 'dropout': 0.0, 'dropout_recurrent': 0.0}",0.8971962332725525,0.7400000095367432,32,36,16,16,5,1,45,30,15,0.0,0.0
0,"{'cnn_1_filters': 16, 'cnn_2_filters': 16, 'cnn_kernel': 5, 'amount_lstm': 1, 'lstm_1_units': 45, 'lstm_2_units': 30, 'lstm_3_units': 15, 'dropout': 0.0, 'dropout_recurrent': 0.35}",0.969292402267456,0.8360000252723694,68,67,16,16,5,1,45,30,15,0.0,0.35
0,"{'cnn_1_filters': 16, 'cnn_2_filters': 16, 'cnn_kernel': 5, 'amount_lstm': 1, 'lstm_1_units': 45, 'lstm_2_units': 30, 'lstm_3_units': 15, 'dropout': 0.35, 'dropout_recurrent': 0.0}",0.9452603459358215,0.8080000281333923,51,43,16,16,5,1,45,30,15,0.35,0.0
0,"{'cnn_1_filters': 16, 'cnn_2_filters': 16, 'cnn_kernel': 5, 'amount_lstm': 1, 'lstm_1_units': 45, 'lstm_2_units': 30, 'lstm_3_units': 15, 'dropout': 0.35, 'dropout_recurrent': 0.35}",0.9078771471977234,0.828000009059906,86,80,16,16,5,1,45,30,15,0.35,0.35
0,"{'cnn_1_filters': 16, 'cnn_2_filters': 16, 'cnn_kernel': 5, 'amount_lstm': 1, 'lstm_1_units': 45, 'lstm_2_units': 30, 'lstm_3_units': 10, 'dropout': 0.0, 'dropout_recurrent': 0.0}",0.9893190860748291,0.843999981880188,52,49,16,16,5,1,45,30,10,0.0,0.0
0,"{'cnn_1_filters': 16, 'cnn_2_filters': 16, 'cnn_kernel': 5, 'amount_lstm': 1, 'lstm_1_units': 45, 'lstm_2_units': 30, 'lstm_3_units': 10, 'dropout': 0.0, 'dropout_recurrent': 0.35}",0.9813084006309509,0.8519999980926514,81,68,16,16,5,1,45,30,10,0.0,0.35
0,"{'cnn_1_filters': 16, 'cnn_2_filters': 16, 'cnn_kernel': 5, 'amount_lstm': 1, 'lstm_1_units': 45, 'lstm_2_units': 30, 'lstm_3_units': 10, 'dropout': 0.35, 'dropout_recurrent': 0.0}",0.9465954899787903,0.800000011920929,47,51,16,16,5,1,45,30,10,0.35,0.0
0,"{'cnn_1_filters': 16, 'cnn_2_filters': 16, 'cnn_kernel': 5, 'amount_lstm': 1, 'lstm_1_units': 45, 'lstm_2_units': 30, 'lstm_3_units': 10, 'dropout': 0.35, 'dropout_recurrent': 0.35}",0.9092122912406921,0.8159999847412109,79,80,16,16,5,1,45,30,10,0.35,0.35
0,"{'cnn_1_filters': 16, 'cnn_2_filters': 16, 'cnn_kernel': 5, 'amount_lstm': 1, 'lstm_1_units': 45, 'lstm_2_units': 20, 'lstm_3_units': 15, 'dropout': 0.0, 'dropout_recurrent': 0.0}",0.9732977151870728,0.7879999876022339,46,43,16,16,5,1,45,20,15,0.0,0.0
0,"{'cnn_1_filters': 16, 'cnn_2_filters': 16, 'cnn_kernel': 5, 'amount_lstm': 1, 'lstm_1_units': 45, 'lstm_2_units': 20, 'lstm_3_units': 15, 'dropout': 0.0, 'dropout_recurrent': 0.35}",0.9666221737861633,0.8560000061988831,79,67,16,16,5,1,45,20,15,0.0,0.35
0,"{'cnn_1_filters': 16, 'cnn_2_filters': 16, 'cnn_kernel': 5, 'amount_lstm': 1, 'lstm_1_units': 45, 'lstm_2_units': 20, 'lstm_3_units': 15, 'dropout': 0.35, 'dropout_recurrent': 0.0}",0.919893205165863,0.8119999766349792,37,38,16,16,5,1,45,20,15,0.35,0.0
0,"{'cnn_1_filters': 16, 'cnn_2_filters': 16, 'cnn_kernel': 5, 'amount_lstm': 1, 'lstm_1_units': 45, 'lstm_2_units': 20, 'lstm_3_units': 15, 'dropout': 0.35, 'dropout_recurrent': 0.35}",0.8998664617538452,0.8040000200271606,79,75,16,16,5,1,45,20,15,0.35,0.35
0,"{'cnn_1_filters': 16, 'cnn_2_filters': 16, 'cnn_kernel': 5, 'amount_lstm': 1, 'lstm_1_units': 45, 'lstm_2_units': 20, 'lstm_3_units': 10, 'dropout': 0.0, 'dropout_recurrent': 0.0}",0.9626168012619019,0.7799999713897705,54,61,16,16,5,1,45,20,10,0.0,0.0
0,"{'cnn_1_filters': 16, 'cnn_2_filters': 16, 'cnn_kernel': 5, 'amount_lstm': 1, 'lstm_1_units': 45, 'lstm_2_units': 20, 'lstm_3_units': 10, 'dropout': 0.0, 'dropout_recurrent': 0.35}",0.9732977151870728,0.8399999737739563,63,52,16,16,5,1,45,20,10,0.0,0.35
0,"{'cnn_1_filters': 16, 'cnn_2_filters': 16, 'cnn_kernel': 5, 'amount_lstm': 1, 'lstm_1_units': 45, 'lstm_2_units': 20, 'lstm_3_units': 10, 'dropout': 0.35, 'dropout_recurrent': 0.0}",0.9372496604919434,0.800000011920929,41,41,16,16,5,1,45,20,10,0.35,0.0
0,"{'cnn_1_filters': 16, 'cnn_2_filters': 16, 'cnn_kernel': 5, 'amount_lstm': 1, 'lstm_1_units': 45, 'lstm_2_units': 20, 'lstm_3_units': 10, 'dropout': 0.35, 'dropout_recurrent': 0.35}",0.9319092035293579,0.8159999847412109,99,95,16,16,5,1,45,20,10,0.35,0.35
0,"{'cnn_1_filters': 16, 'cnn_2_filters': 16, 'cnn_kernel': 5, 'amount_lstm': 2, 'lstm_1_units': 90, 'lstm_2_units': 30, 'lstm_3_units': 15, 'dropout': 0.0, 'dropout_recurrent': 0.0}",0.9532710313796997,0.800000011920929,45,50,16,16,5,2,90,30,15,0.0,0.0
0,"{'cnn_1_filters': 16, 'cnn_2_filters': 16, 'cnn_kernel': 5, 'amount_lstm': 2, 'lstm_1_units': 90, 'lstm_2_units': 30, 'lstm_3_units': 15, 'dropout': 0.0, 'dropout_recurrent': 0.35}",0.9345794320106506,0.828000009059906,46,45,16,16,5,2,90,30,15,0.0,0.35
0,"{'cnn_1_filters': 16, 'cnn_2_filters': 16, 'cnn_kernel': 5, 'amount_lstm': 2, 'lstm_1_units': 90, 'lstm_2_units': 30, 'lstm_3_units': 15, 'dropout': 0.35, 'dropout_recurrent': 0.0}",0.950600802898407,0.828000009059906,38,30,16,16,5,2,90,30,15,0.35,0.0
0,"{'cnn_1_filters': 16, 'cnn_2_filters': 16, 'cnn_kernel': 5, 'amount_lstm': 2, 'lstm_1_units': 90, 'lstm_2_units': 30, 'lstm_3_units': 15, 'dropout': 0.35, 'dropout_recurrent': 0.35}",0.8865153789520264,0.8600000143051147,68,68,16,16,5,2,90,30,15,0.35,0.35
0,"{'cnn_1_filters': 16, 'cnn_2_filters': 16, 'cnn_kernel': 5, 'amount_lstm': 2, 'lstm_1_units': 90, 'lstm_2_units': 30, 'lstm_3_units': 10, 'dropout': 0.0, 'dropout_recurrent': 0.0}",0.9773030877113342,0.8320000171661377,36,34,16,16,5,2,90,30,10,0.0,0.0
0,"{'cnn_1_filters': 16, 'cnn_2_filters': 16, 'cnn_kernel': 5, 'amount_lstm': 2, 'lstm_1_units': 90, 'lstm_2_units': 30, 'lstm_3_units': 10, 'dropout': 0.0, 'dropout_recurrent': 0.35}",0.97062748670578,0.8479999899864197,64,57,16,16,5,2,90,30,10,0.0,0.35
0,"{'cnn_1_filters': 16, 'cnn_2_filters': 16, 'cnn_kernel': 5, 'amount_lstm': 2, 'lstm_1_units': 90, 'lstm_2_units': 30, 'lstm_3_units': 10, 'dropout': 0.35, 'dropout_recurrent': 0.0}",0.9652870297431946,0.8560000061988831,45,39,16,16,5,2,90,30,10,0.35,0.0
0,"{'cnn_1_filters': 16, 'cnn_2_filters': 16, 'cnn_kernel': 5, 'amount_lstm': 2, 'lstm_1_units': 90, 'lstm_2_units': 30, 'lstm_3_units': 10, 'dropout': 0.35, 'dropout_recurrent': 0.35}",0.8838451504707336,0.8199999928474426,80,78,16,16,5,2,90,30,10,0.35,0.35
0,"{'cnn_1_filters': 16, 'cnn_2_filters': 16, 'cnn_kernel': 5, 'amount_lstm': 2, 'lstm_1_units': 90, 'lstm_2_units': 20, 'lstm_3_units': 15, 'dropout': 0.0, 'dropout_recurrent': 0.0}",0.9786381721496582,0.8080000281333923,46,41,16,16,5,2,90,20,15,0.0,0.0
0,"{'cnn_1_filters': 16, 'cnn_2_filters': 16, 'cnn_kernel': 5, 'amount_lstm': 2, 'lstm_1_units': 90, 'lstm_2_units': 20, 'lstm_3_units': 15, 'dropout': 0.0, 'dropout_recurrent': 0.35}",0.9893190860748291,0.8479999899864197,75,71,16,16,5,2,90,20,15,0.0,0.35
0,"{'cnn_1_filters': 16, 'cnn_2_filters': 16, 'cnn_kernel': 5, 'amount_lstm': 2, 'lstm_1_units': 90, 'lstm_2_units': 20, 'lstm_3_units': 15, 'dropout': 0.35, 'dropout_recurrent': 0.0}",0.9425901174545288,0.828000009059906,46,47,16,16,5,2,90,20,15,0.35,0.0
0,"{'cnn_1_filters': 16, 'cnn_2_filters': 16, 'cnn_kernel': 5, 'amount_lstm': 2, 'lstm_1_units': 90, 'lstm_2_units': 20, 'lstm_3_units': 15, 'dropout': 0.35, 'dropout_recurrent': 0.35}",0.8611481785774231,0.800000011920929,80,73,16,16,5,2,90,20,15,0.35,0.35
0,"{'cnn_1_filters': 16, 'cnn_2_filters': 16, 'cnn_kernel': 5, 'amount_lstm': 2, 'lstm_1_units': 90, 'lstm_2_units': 20, 'lstm_3_units': 10, 'dropout': 0.0, 'dropout_recurrent': 0.0}",0.9786381721496582,0.8040000200271606,53,52,16,16,5,2,90,20,10,0.0,0.0
0,"{'cnn_1_filters': 16, 'cnn_2_filters': 16, 'cnn_kernel': 5, 'amount_lstm': 2, 'lstm_1_units': 90, 'lstm_2_units': 20, 'lstm_3_units': 10, 'dropout': 0.0, 'dropout_recurrent': 0.35}",0.9292389750480652,0.8159999847412109,50,42,16,16,5,2,90,20,10,0.0,0.35
0,"{'cnn_1_filters': 16, 'cnn_2_filters': 16, 'cnn_kernel': 5, 'amount_lstm': 2, 'lstm_1_units': 90, 'lstm_2_units': 20, 'lstm_3_units': 10, 'dropout': 0.35, 'dropout_recurrent': 0.0}",0.9332443475723267,0.8119999766349792,42,39,16,16,5,2,90,20,10,0.35,0.0
0,"{'cnn_1_filters': 16, 'cnn_2_filters': 16, 'cnn_kernel': 5, 'amount_lstm': 2, 'lstm_1_units': 90, 'lstm_2_units': 20, 'lstm_3_units': 10, 'dropout': 0.35, 'dropout_recurrent': 0.35}",0.8771695494651794,0.8119999766349792,79,79,16,16,5,2,90,20,10,0.35,0.35
0,"{'cnn_1_filters': 16, 'cnn_2_filters': 16, 'cnn_kernel': 5, 'amount_lstm': 2, 'lstm_1_units': 45, 'lstm_2_units': 30, 'lstm_3_units': 15, 'dropout': 0.0, 'dropout_recurrent': 0.0}",0.9679572582244873,0.8040000200271606,51,44,16,16,5,2,45,30,15,0.0,0.0
0,"{'cnn_1_filters': 16, 'cnn_2_filters': 16, 'cnn_kernel': 5, 'amount_lstm': 2, 'lstm_1_units': 45, 'lstm_2_units': 30, 'lstm_3_units': 15, 'dropout': 0.0, 'dropout_recurrent': 0.35}",0.969292402267456,0.8600000143051147,56,51,16,16,5,2,45,30,15,0.0,0.35
0,"{'cnn_1_filters': 16, 'cnn_2_filters': 16, 'cnn_kernel': 5, 'amount_lstm': 2, 'lstm_1_units': 45, 'lstm_2_units': 30, 'lstm_3_units': 15, 'dropout': 0.35, 'dropout_recurrent': 0.0}",0.9385848045349121,0.8240000009536743,46,46,16,16,5,2,45,30,15,0.35,0.0
0,"{'cnn_1_filters': 16, 'cnn_2_filters': 16, 'cnn_kernel': 5, 'amount_lstm': 2, 'lstm_1_units': 45, 'lstm_2_units': 30, 'lstm_3_units': 15, 'dropout': 0.35, 'dropout_recurrent': 0.35}",0.8544726371765137,0.8519999980926514,83,84,16,16,5,2,45,30,15,0.35,0.35
0,"{'cnn_1_filters': 16, 'cnn_2_filters': 16, 'cnn_kernel': 5, 'amount_lstm': 2, 'lstm_1_units': 45, 'lstm_2_units': 30, 'lstm_3_units': 10, 'dropout': 0.0, 'dropout_recurrent': 0.0}",0.901201605796814,0.7799999713897705,28,25,16,16,5,2,45,30,10,0.0,0.0
0,"{'cnn_1_filters': 16, 'cnn_2_filters': 16, 'cnn_kernel': 5, 'amount_lstm': 2, 'lstm_1_units': 45, 'lstm_2_units': 30, 'lstm_3_units': 10, 'dropout': 0.0, 'dropout_recurrent': 0.35}",0.9238985180854797,0.800000011920929,64,57,16,16,5,2,45,30,10,0.0,0.35
0,"{'cnn_1_filters': 16, 'cnn_2_filters': 16, 'cnn_kernel': 5, 'amount_lstm': 2, 'lstm_1_units': 45, 'lstm_2_units': 30, 'lstm_3_units': 10, 'dropout': 0.35, 'dropout_recurrent': 0.0}",0.9372496604919434,0.8360000252723694,44,40,16,16,5,2,45,30,10,0.35,0.0
0,"{'cnn_1_filters': 16, 'cnn_2_filters': 16, 'cnn_kernel': 5, 'amount_lstm': 2, 'lstm_1_units': 45, 'lstm_2_units': 30, 'lstm_3_units': 10, 'dropout': 0.35, 'dropout_recurrent': 0.35}",0.8838451504707336,0.8519999980926514,85,77,16,16,5,2,45,30,10,0.35,0.35
0,"{'cnn_1_filters': 16, 'cnn_2_filters': 16, 'cnn_kernel': 5, 'amount_lstm': 2, 'lstm_1_units': 45, 'lstm_2_units': 20, 'lstm_3_units': 15, 'dropout': 0.0, 'dropout_recurrent': 0.0}",0.9773030877113342,0.8119999766349792,57,60,16,16,5,2,45,20,15,0.0,0.0
0,"{'cnn_1_filters': 16, 'cnn_2_filters': 16, 'cnn_kernel': 5, 'amount_lstm': 2, 'lstm_1_units': 45, 'lstm_2_units': 20, 'lstm_3_units': 15, 'dropout': 0.0, 'dropout_recurrent': 0.35}",0.9906542301177979,0.8679999709129333,72,61,16,16,5,2,45,20,15,0.0,0.35
0,"{'cnn_1_filters': 16, 'cnn_2_filters': 16, 'cnn_kernel': 5, 'amount_lstm': 2, 'lstm_1_units': 45, 'lstm_2_units': 20, 'lstm_3_units': 15, 'dropout': 0.35, 'dropout_recurrent': 0.0}",0.9759679436683655,0.8479999899864197,74,73,16,16,5,2,45,20,15,0.35,0.0
0,"{'cnn_1_filters': 16, 'cnn_2_filters': 16, 'cnn_kernel': 5, 'amount_lstm': 2, 'lstm_1_units': 45, 'lstm_2_units': 20, 'lstm_3_units': 15, 'dropout': 0.35, 'dropout_recurrent': 0.35}",0.9372496604919434,0.8519999980926514,61,62,16,16,5,2,45,20,15,0.35,0.35
0,"{'cnn_1_filters': 16, 'cnn_2_filters': 16, 'cnn_kernel': 5, 'amount_lstm': 2, 'lstm_1_units': 45, 'lstm_2_units': 20, 'lstm_3_units': 10, 'dropout': 0.0, 'dropout_recurrent': 0.0}",0.9826435446739197,0.8399999737739563,65,60,16,16,5,2,45,20,10,0.0,0.0
0,"{'cnn_1_filters': 16, 'cnn_2_filters': 16, 'cnn_kernel': 5, 'amount_lstm': 2, 'lstm_1_units': 45, 'lstm_2_units': 20, 'lstm_3_units': 10, 'dropout': 0.0, 'dropout_recurrent': 0.35}",0.9252336621284485,0.7799999713897705,48,48,16,16,5,2,45,20,10,0.0,0.35
0,"{'cnn_1_filters': 16, 'cnn_2_filters': 16, 'cnn_kernel': 5, 'amount_lstm': 2, 'lstm_1_units': 45, 'lstm_2_units': 20, 'lstm_3_units': 10, 'dropout': 0.35, 'dropout_recurrent': 0.0}",0.9546061158180237,0.8320000171661377,54,47,16,16,5,2,45,20,10,0.35,0.0
0,"{'cnn_1_filters': 16, 'cnn_2_filters': 16, 'cnn_kernel': 5, 'amount_lstm': 2, 'lstm_1_units': 45, 'lstm_2_units': 20, 'lstm_3_units': 10, 'dropout': 0.35, 'dropout_recurrent': 0.35}",0.9319092035293579,0.8240000009536743,52,55,16,16,5,2,45,20,10,0.35,0.35
0,"{'cnn_1_filters': 16, 'cnn_2_filters': 16, 'cnn_kernel': 5, 'amount_lstm': 3, 'lstm_1_units': 90, 'lstm_2_units': 30, 'lstm_3_units': 15, 'dropout': 0.0, 'dropout_recurrent': 0.0}",0.9719626307487488,0.828000009059906,56,53,16,16,5,3,90,30,15,0.0,0.0
0,"{'cnn_1_filters': 16, 'cnn_2_filters': 16, 'cnn_kernel': 5, 'amount_lstm': 3, 'lstm_1_units': 90, 'lstm_2_units': 30, 'lstm_3_units': 15, 'dropout': 0.0, 'dropout_recurrent': 0.35}",0.9038718342781067,0.7799999713897705,36,32,16,16,5,3,90,30,15,0.0,0.35
0,"{'cnn_1_filters': 16, 'cnn_2_filters': 16, 'cnn_kernel': 5, 'amount_lstm': 3, 'lstm_1_units': 90, 'lstm_2_units': 30, 'lstm_3_units': 15, 'dropout': 0.35, 'dropout_recurrent': 0.0}",0.8691588640213013,0.7960000038146973,33,36,16,16,5,3,90,30,15,0.35,0.0
0,"{'cnn_1_filters': 16, 'cnn_2_filters': 16, 'cnn_kernel': 5, 'amount_lstm': 3, 'lstm_1_units': 90, 'lstm_2_units': 30, 'lstm_3_units': 15, 'dropout': 0.35, 'dropout_recurrent': 0.35}",0.901201605796814,0.7960000038146973,56,56,16,16,5,3,90,30,15,0.35,0.35
0,"{'cnn_1_filters': 16, 'cnn_2_filters': 16, 'cnn_kernel': 5, 'amount_lstm': 3, 'lstm_1_units': 90, 'lstm_2_units': 30, 'lstm_3_units': 10, 'dropout': 0.0, 'dropout_recurrent': 0.0}",0.8184245824813843,0.7080000042915344,50,49,16,16,5,3,90,30,10,0.0,0.0
0,"{'cnn_1_filters': 16, 'cnn_2_filters': 16, 'cnn_kernel': 5, 'amount_lstm': 3, 'lstm_1_units': 90, 'lstm_2_units': 30, 'lstm_3_units': 10, 'dropout': 0.0, 'dropout_recurrent': 0.35}",0.9586114883422852,0.7919999957084656,58,54,16,16,5,3,90,30,10,0.0,0.35
0,"{'cnn_1_filters': 16, 'cnn_2_filters': 16, 'cnn_kernel': 5, 'amount_lstm': 3, 'lstm_1_units': 90, 'lstm_2_units': 30, 'lstm_3_units': 10, 'dropout': 0.35, 'dropout_recurrent': 0.0}",0.9666221737861633,0.8519999980926514,74,72,16,16,5,3,90,30,10,0.35,0.0
0,"{'cnn_1_filters': 16, 'cnn_2_filters': 16, 'cnn_kernel': 5, 'amount_lstm': 3, 'lstm_1_units': 90, 'lstm_2_units': 30, 'lstm_3_units': 10, 'dropout': 0.35, 'dropout_recurrent': 0.35}",0.9372496604919434,0.8320000171661377,78,70,16,16,5,3,90,30,10,0.35,0.35
0,"{'cnn_1_filters': 16, 'cnn_2_filters': 16, 'cnn_kernel': 5, 'amount_lstm': 3, 'lstm_1_units': 90, 'lstm_2_units': 20, 'lstm_3_units': 15, 'dropout': 0.0, 'dropout_recurrent': 0.0}",0.9385848045349121,0.7960000038146973,63,61,16,16,5,3,90,20,15,0.0,0.0
0,"{'cnn_1_filters': 16, 'cnn_2_filters': 16, 'cnn_kernel': 5, 'amount_lstm': 3, 'lstm_1_units': 90, 'lstm_2_units': 20, 'lstm_3_units': 15, 'dropout': 0.0, 'dropout_recurrent': 0.35}",0.9252336621284485,0.7919999957084656,51,43,16,16,5,3,90,20,15,0.0,0.35
0,"{'cnn_1_filters': 16, 'cnn_2_filters': 16, 'cnn_kernel': 5, 'amount_lstm': 3, 'lstm_1_units': 90, 'lstm_2_units': 20, 'lstm_3_units': 15, 'dropout': 0.35, 'dropout_recurrent': 0.0}",0.9158878326416016,0.7960000038146973,54,44,16,16,5,3,90,20,15,0.35,0.0
0,"{'cnn_1_filters': 16, 'cnn_2_filters': 16, 'cnn_kernel': 5, 'amount_lstm': 3, 'lstm_1_units': 90, 'lstm_2_units': 20, 'lstm_3_units': 15, 'dropout': 0.35, 'dropout_recurrent': 0.35}",0.8651535511016846,0.7839999794960022,44,45,16,16,5,3,90,20,15,0.35,0.35
0,"{'cnn_1_filters': 16, 'cnn_2_filters': 16, 'cnn_kernel': 5, 'amount_lstm': 3, 'lstm_1_units': 90, 'lstm_2_units': 20, 'lstm_3_units': 10, 'dropout': 0.0, 'dropout_recurrent': 0.0}",0.950600802898407,0.8040000200271606,58,56,16,16,5,3,90,20,10,0.0,0.0
0,"{'cnn_1_filters': 16, 'cnn_2_filters': 16, 'cnn_kernel': 5, 'amount_lstm': 3, 'lstm_1_units': 90, 'lstm_2_units': 20, 'lstm_3_units': 10, 'dropout': 0.0, 'dropout_recurrent': 0.35}",0.9359145760536194,0.8240000009536743,54,46,16,16,5,3,90,20,10,0.0,0.35
0,"{'cnn_1_filters': 16, 'cnn_2_filters': 16, 'cnn_kernel': 5, 'amount_lstm': 3, 'lstm_1_units': 90, 'lstm_2_units': 20, 'lstm_3_units': 10, 'dropout': 0.35, 'dropout_recurrent': 0.0}",0.9025366902351379,0.800000011920929,69,65,16,16,5,3,90,20,10,0.35,0.0
0,"{'cnn_1_filters': 16, 'cnn_2_filters': 16, 'cnn_kernel': 5, 'amount_lstm': 3, 'lstm_1_units': 90, 'lstm_2_units': 20, 'lstm_3_units': 10, 'dropout': 0.35, 'dropout_recurrent': 0.35}",0.9773030877113342,0.8679999709129333,88,77,16,16,5,3,90,20,10,0.35,0.35
0,"{'cnn_1_filters': 16, 'cnn_2_filters': 16, 'cnn_kernel': 5, 'amount_lstm': 3, 'lstm_1_units': 45, 'lstm_2_units': 30, 'lstm_3_units': 15, 'dropout': 0.0, 'dropout_recurrent': 0.0}",0.979973316192627,0.8399999737739563,72,60,16,16,5,3,45,30,15,0.0,0.0
0,"{'cnn_1_filters': 16, 'cnn_2_filters': 16, 'cnn_kernel': 5, 'amount_lstm': 3, 'lstm_1_units': 45, 'lstm_2_units': 30, 'lstm_3_units': 15, 'dropout': 0.0, 'dropout_recurrent': 0.35}",0.9439252614974976,0.800000011920929,57,48,16,16,5,3,45,30,15,0.0,0.35
0,"{'cnn_1_filters': 16, 'cnn_2_filters': 16, 'cnn_kernel': 5, 'amount_lstm': 3, 'lstm_1_units': 45, 'lstm_2_units': 30, 'lstm_3_units': 15, 'dropout': 0.35, 'dropout_recurrent': 0.0}",0.8544726371765137,0.7639999985694885,40,32,16,16,5,3,45,30,15,0.35,0.0
0,"{'cnn_1_filters': 16, 'cnn_2_filters': 16, 'cnn_kernel': 5, 'amount_lstm': 3, 'lstm_1_units': 45, 'lstm_2_units': 30, 'lstm_3_units': 15, 'dropout': 0.35, 'dropout_recurrent': 0.35}",0.8811749219894409,0.7919999957084656,60,56,16,16,5,3,45,30,15,0.35,0.35
0,"{'cnn_1_filters': 16, 'cnn_2_filters': 16, 'cnn_kernel': 5, 'amount_lstm': 3, 'lstm_1_units': 45, 'lstm_2_units': 30, 'lstm_3_units': 10, 'dropout': 0.0, 'dropout_recurrent': 0.0}",0.9345794320106506,0.7839999794960022,53,49,16,16,5,3,45,30,10,0.0,0.0
0,"{'cnn_1_filters': 16, 'cnn_2_filters': 16, 'cnn_kernel': 5, 'amount_lstm': 3, 'lstm_1_units': 45, 'lstm_2_units': 30, 'lstm_3_units': 10, 'dropout': 0.0, 'dropout_recurrent': 0.35}",0.9345794320106506,0.8119999766349792,70,57,16,16,5,3,45,30,10,0.0,0.35
0,"{'cnn_1_filters': 16, 'cnn_2_filters': 16, 'cnn_kernel': 5, 'amount_lstm': 3, 'lstm_1_units': 45, 'lstm_2_units': 30, 'lstm_3_units': 10, 'dropout': 0.35, 'dropout_recurrent': 0.0}",0.8744993209838867,0.7799999713897705,45,44,16,16,5,3,45,30,10,0.35,0.0
0,"{'cnn_1_filters': 16, 'cnn_2_filters': 16, 'cnn_kernel': 5, 'amount_lstm': 3, 'lstm_1_units': 45, 'lstm_2_units': 30, 'lstm_3_units': 10, 'dropout': 0.35, 'dropout_recurrent': 0.35}",0.9305741190910339,0.8199999928474426,87,86,16,16,5,3,45,30,10,0.35,0.35
0,"{'cnn_1_filters': 16, 'cnn_2_filters': 16, 'cnn_kernel': 5, 'amount_lstm': 3, 'lstm_1_units': 45, 'lstm_2_units': 20, 'lstm_3_units': 15, 'dropout': 0.0, 'dropout_recurrent': 0.0}",0.9586114883422852,0.7879999876022339,57,50,16,16,5,3,45,20,15,0.0,0.0
0,"{'cnn_1_filters': 16, 'cnn_2_filters': 16, 'cnn_kernel': 5, 'amount_lstm': 3, 'lstm_1_units': 45, 'lstm_2_units': 20, 'lstm_3_units': 15, 'dropout': 0.0, 'dropout_recurrent': 0.35}",0.9719626307487488,0.8040000200271606,81,77,16,16,5,3,45,20,15,0.0,0.35
0,"{'cnn_1_filters': 16, 'cnn_2_filters': 16, 'cnn_kernel': 5, 'amount_lstm': 3, 'lstm_1_units': 45, 'lstm_2_units': 20, 'lstm_3_units': 15, 'dropout': 0.35, 'dropout_recurrent': 0.0}",0.8918558359146118,0.8119999766349792,58,50,16,16,5,3,45,20,15,0.35,0.0
0,"{'cnn_1_filters': 16, 'cnn_2_filters': 16, 'cnn_kernel': 5, 'amount_lstm': 3, 'lstm_1_units': 45, 'lstm_2_units': 20, 'lstm_3_units': 15, 'dropout': 0.35, 'dropout_recurrent': 0.35}",0.9092122912406921,0.8320000171661377,68,65,16,16,5,3,45,20,15,0.35,0.35
0,"{'cnn_1_filters': 16, 'cnn_2_filters': 16, 'cnn_kernel': 5, 'amount_lstm': 3, 'lstm_1_units': 45, 'lstm_2_units': 20, 'lstm_3_units': 10, 'dropout': 0.0, 'dropout_recurrent': 0.0}",0.9639519453048706,0.8560000061988831,74,70,16,16,5,3,45,20,10,0.0,0.0
0,"{'cnn_1_filters': 16, 'cnn_2_filters': 16, 'cnn_kernel': 5, 'amount_lstm': 3, 'lstm_1_units': 45, 'lstm_2_units': 20, 'lstm_3_units': 10, 'dropout': 0.0, 'dropout_recurrent': 0.35}",0.9279038906097412,0.8240000009536743,74,72,16,16,5,3,45,20,10,0.0,0.35
0,"{'cnn_1_filters': 16, 'cnn_2_filters': 16, 'cnn_kernel': 5, 'amount_lstm': 3, 'lstm_1_units': 45, 'lstm_2_units': 20, 'lstm_3_units': 10, 'dropout': 0.35, 'dropout_recurrent': 0.0}",0.8958611488342285,0.8360000252723694,85,89,16,16,5,3,45,20,10,0.35,0.0
0,"{'cnn_1_filters': 16, 'cnn_2_filters': 16, 'cnn_kernel': 5, 'amount_lstm': 3, 'lstm_1_units': 45, 'lstm_2_units': 20, 'lstm_3_units': 10, 'dropout': 0.35, 'dropout_recurrent': 0.35}",0.8144192099571228,0.7599999904632568,71,65,16,16,5,3,45,20,10,0.35,0.35
0,"{'cnn_1_filters': 16, 'cnn_2_filters': 16, 'cnn_kernel': 9, 'amount_lstm': 1, 'lstm_1_units': 90, 'lstm_2_units': 30, 'lstm_3_units': 15, 'dropout': 0.0, 'dropout_recurrent': 0.0}",0.9866488575935364,0.8320000171661377,37,33,16,16,9,1,90,30,15,0.0,0.0
0,"{'cnn_1_filters': 16, 'cnn_2_filters': 16, 'cnn_kernel': 9, 'amount_lstm': 1, 'lstm_1_units': 90, 'lstm_2_units': 30, 'lstm_3_units': 15, 'dropout': 0.0, 'dropout_recurrent': 0.35}",0.9773030877113342,0.8479999899864197,49,41,16,16,9,1,90,30,15,0.0,0.35
0,"{'cnn_1_filters': 16, 'cnn_2_filters': 16, 'cnn_kernel': 9, 'amount_lstm': 1, 'lstm_1_units': 90, 'lstm_2_units': 30, 'lstm_3_units': 15, 'dropout': 0.35, 'dropout_recurrent': 0.0}",0.9399198889732361,0.8240000009536743,32,25,16,16,9,1,90,30,15,0.35,0.0
0,"{'cnn_1_filters': 16, 'cnn_2_filters': 16, 'cnn_kernel': 9, 'amount_lstm': 1, 'lstm_1_units': 90, 'lstm_2_units': 30, 'lstm_3_units': 15, 'dropout': 0.35, 'dropout_recurrent': 0.35}",0.9652870297431946,0.871999979019165,38,38,16,16,9,1,90,30,15,0.35,0.35
0,"{'cnn_1_filters': 16, 'cnn_2_filters': 16, 'cnn_kernel': 9, 'amount_lstm': 1, 'lstm_1_units': 90, 'lstm_2_units': 30, 'lstm_3_units': 10, 'dropout': 0.0, 'dropout_recurrent': 0.0}",0.9439252614974976,0.7919999957084656,28,21,16,16,9,1,90,30,10,0.0,0.0
0,"{'cnn_1_filters': 16, 'cnn_2_filters': 16, 'cnn_kernel': 9, 'amount_lstm': 1, 'lstm_1_units': 90, 'lstm_2_units': 30, 'lstm_3_units': 10, 'dropout': 0.0, 'dropout_recurrent': 0.35}",0.9666221737861633,0.8159999847412109,37,29,16,16,9,1,90,30,10,0.0,0.35
0,"{'cnn_1_filters': 16, 'cnn_2_filters': 16, 'cnn_kernel': 9, 'amount_lstm': 1, 'lstm_1_units': 90, 'lstm_2_units': 30, 'lstm_3_units': 10, 'dropout': 0.35, 'dropout_recurrent': 0.0}",0.97062748670578,0.8519999980926514,38,39,16,16,9,1,90,30,10,0.35,0.0
0,"{'cnn_1_filters': 16, 'cnn_2_filters': 16, 'cnn_kernel': 9, 'amount_lstm': 1, 'lstm_1_units': 90, 'lstm_2_units': 30, 'lstm_3_units': 10, 'dropout': 0.35, 'dropout_recurrent': 0.35}",0.9919893145561218,0.8679999709129333,62,49,16,16,9,1,90,30,10,0.35,0.35
0,"{'cnn_1_filters': 16, 'cnn_2_filters': 16, 'cnn_kernel': 9, 'amount_lstm': 1, 'lstm_1_units': 90, 'lstm_2_units': 20, 'lstm_3_units': 15, 'dropout': 0.0, 'dropout_recurrent': 0.0}",0.9826435446739197,0.8199999928474426,36,32,16,16,9,1,90,20,15,0.0,0.0
0,"{'cnn_1_filters': 16, 'cnn_2_filters': 16, 'cnn_kernel': 9, 'amount_lstm': 1, 'lstm_1_units': 90, 'lstm_2_units': 20, 'lstm_3_units': 15, 'dropout': 0.0, 'dropout_recurrent': 0.35}",0.9786381721496582,0.8479999899864197,44,43,16,16,9,1,90,20,15,0.0,0.35
0,"{'cnn_1_filters': 16, 'cnn_2_filters': 16, 'cnn_kernel': 9, 'amount_lstm': 1, 'lstm_1_units': 90, 'lstm_2_units': 20, 'lstm_3_units': 15, 'dropout': 0.35, 'dropout_recurrent': 0.0}",0.9719626307487488,0.8560000061988831,44,44,16,16,9,1,90,20,15,0.35,0.0
0,"{'cnn_1_filters': 16, 'cnn_2_filters': 16, 'cnn_kernel': 9, 'amount_lstm': 1, 'lstm_1_units': 90, 'lstm_2_units': 20, 'lstm_3_units': 15, 'dropout': 0.35, 'dropout_recurrent': 0.35}",0.9719626307487488,0.8519999980926514,44,35,16,16,9,1,90,20,15,0.35,0.35
0,"{'cnn_1_filters': 16, 'cnn_2_filters': 16, 'cnn_kernel': 9, 'amount_lstm': 1, 'lstm_1_units': 90, 'lstm_2_units': 20, 'lstm_3_units': 10, 'dropout': 0.0, 'dropout_recurrent': 0.0}",0.9933244585990906,0.8399999737739563,38,37,16,16,9,1,90,20,10,0.0,0.0
0,"{'cnn_1_filters': 16, 'cnn_2_filters': 16, 'cnn_kernel': 9, 'amount_lstm': 1, 'lstm_1_units': 90, 'lstm_2_units': 20, 'lstm_3_units': 10, 'dropout': 0.0, 'dropout_recurrent': 0.35}",0.97062748670578,0.8320000171661377,42,40,16,16,9,1,90,20,10,0.0,0.35
0,"{'cnn_1_filters': 16, 'cnn_2_filters': 16, 'cnn_kernel': 9, 'amount_lstm': 1, 'lstm_1_units': 90, 'lstm_2_units': 20, 'lstm_3_units': 10, 'dropout': 0.35, 'dropout_recurrent': 0.0}",0.979973316192627,0.8600000143051147,42,38,16,16,9,1,90,20,10,0.35,0.0
0,"{'cnn_1_filters': 16, 'cnn_2_filters': 16, 'cnn_kernel': 9, 'amount_lstm': 1, 'lstm_1_units': 90, 'lstm_2_units': 20, 'lstm_3_units': 10, 'dropout': 0.35, 'dropout_recurrent': 0.35}",0.9666221737861633,0.8399999737739563,52,53,16,16,9,1,90,20,10,0.35,0.35
0,"{'cnn_1_filters': 16, 'cnn_2_filters': 16, 'cnn_kernel': 9, 'amount_lstm': 1, 'lstm_1_units': 45, 'lstm_2_units': 30, 'lstm_3_units': 15, 'dropout': 0.0, 'dropout_recurrent': 0.0}",0.921228289604187,0.7760000228881836,36,36,16,16,9,1,45,30,15,0.0,0.0
0,"{'cnn_1_filters': 16, 'cnn_2_filters': 16, 'cnn_kernel': 9, 'amount_lstm': 1, 'lstm_1_units': 45, 'lstm_2_units': 30, 'lstm_3_units': 15, 'dropout': 0.0, 'dropout_recurrent': 0.35}",0.9452603459358215,0.8519999980926514,44,43,16,16,9,1,45,30,15,0.0,0.35
0,"{'cnn_1_filters': 16, 'cnn_2_filters': 16, 'cnn_kernel': 9, 'amount_lstm': 1, 'lstm_1_units': 45, 'lstm_2_units': 30, 'lstm_3_units': 15, 'dropout': 0.35, 'dropout_recurrent': 0.0}",0.9773030877113342,0.8840000033378601,52,48,16,16,9,1,45,30,15,0.35,0.0
0,"{'cnn_1_filters': 16, 'cnn_2_filters': 16, 'cnn_kernel': 9, 'amount_lstm': 1, 'lstm_1_units': 45, 'lstm_2_units': 30, 'lstm_3_units': 15, 'dropout': 0.35, 'dropout_recurrent': 0.35}",0.9679572582244873,0.8360000252723694,54,39,16,16,9,1,45,30,15,0.35,0.35
0,"{'cnn_1_filters': 16, 'cnn_2_filters': 16, 'cnn_kernel': 9, 'amount_lstm': 1, 'lstm_1_units': 45, 'lstm_2_units': 30, 'lstm_3_units': 10, 'dropout': 0.0, 'dropout_recurrent': 0.0}",0.969292402267456,0.8320000171661377,42,48,16,16,9,1,45,30,10,0.0,0.0
0,"{'cnn_1_filters': 16, 'cnn_2_filters': 16, 'cnn_kernel': 9, 'amount_lstm': 1, 'lstm_1_units': 45, 'lstm_2_units': 30, 'lstm_3_units': 10, 'dropout': 0.0, 'dropout_recurrent': 0.35}",0.9826435446739197,0.8679999709129333,73,65,16,16,9,1,45,30,10,0.0,0.35
0,"{'cnn_1_filters': 16, 'cnn_2_filters': 16, 'cnn_kernel': 9, 'amount_lstm': 1, 'lstm_1_units': 45, 'lstm_2_units': 30, 'lstm_3_units': 10, 'dropout': 0.35, 'dropout_recurrent': 0.0}",0.9492656588554382,0.828000009059906,48,47,16,16,9,1,45,30,10,0.35,0.0
0,"{'cnn_1_filters': 16, 'cnn_2_filters': 16, 'cnn_kernel': 9, 'amount_lstm': 1, 'lstm_1_units': 45, 'lstm_2_units': 30, 'lstm_3_units': 10, 'dropout': 0.35, 'dropout_recurrent': 0.35}",0.921228289604187,0.8360000252723694,43,42,16,16,9,1,45,30,10,0.35,0.35
0,"{'cnn_1_filters': 16, 'cnn_2_filters': 16, 'cnn_kernel': 9, 'amount_lstm': 1, 'lstm_1_units': 45, 'lstm_2_units': 20, 'lstm_3_units': 15, 'dropout': 0.0, 'dropout_recurrent': 0.0}",0.9786381721496582,0.8479999899864197,55,53,16,16,9,1,45,20,15,0.0,0.0
0,"{'cnn_1_filters': 16, 'cnn_2_filters': 16, 'cnn_kernel': 9, 'amount_lstm': 1, 'lstm_1_units': 45, 'lstm_2_units': 20, 'lstm_3_units': 15, 'dropout': 0.0, 'dropout_recurrent': 0.35}",0.9652870297431946,0.8519999980926514,51,49,16,16,9,1,45,20,15,0.0,0.35
0,"{'cnn_1_filters': 16, 'cnn_2_filters': 16, 'cnn_kernel': 9, 'amount_lstm': 1, 'lstm_1_units': 45, 'lstm_2_units': 20, 'lstm_3_units': 15, 'dropout': 0.35, 'dropout_recurrent': 0.0}",0.97062748670578,0.8560000061988831,63,63,16,16,9,1,45,20,15,0.35,0.0
0,"{'cnn_1_filters': 16, 'cnn_2_filters': 16, 'cnn_kernel': 9, 'amount_lstm': 1, 'lstm_1_units': 45, 'lstm_2_units': 20, 'lstm_3_units': 10, 'dropout': 0.0, 'dropout_recurrent': 0.0}",0.9639519453048706,0.8119999766349792,44,36,16,16,9,1,45,20,10,0.0,0.0
0,"{'cnn_1_filters': 16, 'cnn_2_filters': 16, 'cnn_kernel': 9, 'amount_lstm': 1, 'lstm_1_units': 45, 'lstm_2_units': 20, 'lstm_3_units': 10, 'dropout': 0.35, 'dropout_recurrent': 0.0}",0.9399198889732361,0.8119999766349792,59,46,16,16,9,1,45,20,10,0.35,0.0
0,"{'cnn_1_filters': 16, 'cnn_2_filters': 16, 'cnn_kernel': 9, 'amount_lstm': 2, 'lstm_1_units': 90, 'lstm_2_units': 30, 'lstm_3_units': 15, 'dropout': 0.0, 'dropout_recurrent': 0.0}",0.9946595430374146,0.8560000061988831,50,47,16,16,9,2,90,30,15,0.0,0.0
0,"{'cnn_1_filters': 16, 'cnn_2_filters': 16, 'cnn_kernel': 9, 'amount_lstm': 2, 'lstm_1_units': 90, 'lstm_2_units': 30, 'lstm_3_units': 15, 'dropout': 0.35, 'dropout_recurrent': 0.0}",0.9412550330162048,0.800000011920929,43,38,16,16,9,2,90,30,15,0.35,0.0
0,"{'cnn_1_filters': 16, 'cnn_2_filters': 16, 'cnn_kernel': 9, 'amount_lstm': 2, 'lstm_1_units': 90, 'lstm_2_units': 30, 'lstm_3_units': 10, 'dropout': 0.0, 'dropout_recurrent': 0.0}",0.97062748670578,0.8119999766349792,40,47,16,16,9,2,90,30,10,0.0,0.0
0,"{'cnn_1_filters': 16, 'cnn_2_filters': 16, 'cnn_kernel': 9, 'amount_lstm': 2, 'lstm_1_units': 90, 'lstm_2_units': 30, 'lstm_3_units': 10, 'dropout': 0.35, 'dropout_recurrent': 0.0}",0.9546061158180237,0.8560000061988831,39,41,16,16,9,2,90,30,10,0.35,0.0
0,"{'cnn_1_filters': 16, 'cnn_2_filters': 16, 'cnn_kernel': 9, 'amount_lstm': 2, 'lstm_1_units': 90, 'lstm_2_units': 20, 'lstm_3_units': 15, 'dropout': 0.0, 'dropout_recurrent': 0.0}",0.9492656588554382,0.800000011920929,53,46,16,16,9,2,90,20,15,0.0,0.0
0,"{'cnn_1_filters': 16, 'cnn_2_filters': 16, 'cnn_kernel': 9, 'amount_lstm': 2, 'lstm_1_units': 90, 'lstm_2_units': 20, 'lstm_3_units': 15, 'dropout': 0.35, 'dropout_recurrent': 0.0}",0.9439252614974976,0.828000009059906,45,39,16,16,9,2,90,20,15,0.35,0.0
0,"{'cnn_1_filters': 16, 'cnn_2_filters': 16, 'cnn_kernel': 9, 'amount_lstm': 2, 'lstm_1_units': 90, 'lstm_2_units': 20, 'lstm_3_units': 10, 'dropout': 0.0, 'dropout_recurrent': 0.0}",0.9786381721496582,0.8199999928474426,54,48,16,16,9,2,90,20,10,0.0,0.0
0,"{'cnn_1_filters': 16, 'cnn_2_filters': 16, 'cnn_kernel': 9, 'amount_lstm': 2, 'lstm_1_units': 90, 'lstm_2_units': 20, 'lstm_3_units': 10, 'dropout': 0.35, 'dropout_recurrent': 0.0}",0.9025366902351379,0.8119999766349792,44,38,16,16,9,2,90,20,10,0.35,0.0
0,"{'cnn_1_filters': 16, 'cnn_2_filters': 16, 'cnn_kernel': 9, 'amount_lstm': 2, 'lstm_1_units': 45, 'lstm_2_units': 30, 'lstm_3_units': 15, 'dropout': 0.0, 'dropout_recurrent': 0.0}",0.9305741190910339,0.7960000038146973,36,34,16,16,9,2,45,30,15,0.0,0.0
0,"{'cnn_1_filters': 16, 'cnn_2_filters': 16, 'cnn_kernel': 9, 'amount_lstm': 2, 'lstm_1_units': 45, 'lstm_2_units': 30, 'lstm_3_units': 15, 'dropout': 0.35, 'dropout_recurrent': 0.0}",0.9238985180854797,0.8040000200271606,51,48,16,16,9,2,45,30,15,0.35,0.0
0,"{'cnn_1_filters': 16, 'cnn_2_filters': 16, 'cnn_kernel': 9, 'amount_lstm': 2, 'lstm_1_units': 45, 'lstm_2_units': 30, 'lstm_3_units': 10, 'dropout': 0.0, 'dropout_recurrent': 0.0}",0.9679572582244873,0.8519999980926514,38,42,16,16,9,2,45,30,10,0.0,0.0
0,"{'cnn_1_filters': 16, 'cnn_2_filters': 16, 'cnn_kernel': 9, 'amount_lstm': 2, 'lstm_1_units': 45, 'lstm_2_units': 30, 'lstm_3_units': 10, 'dropout': 0.35, 'dropout_recurrent': 0.0}",0.9279038906097412,0.8199999928474426,41,38,16,16,9,2,45,30,10,0.35,0.0
0,"{'cnn_1_filters': 16, 'cnn_2_filters': 16, 'cnn_kernel': 9, 'amount_lstm': 2, 'lstm_1_units': 45, 'lstm_2_units': 20, 'lstm_3_units': 15, 'dropout': 0.0, 'dropout_recurrent': 0.0}",0.969292402267456,0.843999981880188,65,64,16,16,9,2,45,20,15,0.0,0.0
0,"{'cnn_1_filters': 16, 'cnn_2_filters': 16, 'cnn_kernel': 9, 'amount_lstm': 2, 'lstm_1_units': 45, 'lstm_2_units': 20, 'lstm_3_units': 15, 'dropout': 0.35, 'dropout_recurrent': 0.0}",0.9305741190910339,0.828000009059906,40,39,16,16,9,2,45,20,15,0.35,0.0
0,"{'cnn_1_filters': 16, 'cnn_2_filters': 16, 'cnn_kernel': 9, 'amount_lstm': 2, 'lstm_1_units': 45, 'lstm_2_units': 20, 'lstm_3_units': 10, 'dropout': 0.0, 'dropout_recurrent': 0.0}",0.9719626307487488,0.8399999737739563,70,69,16,16,9,2,45,20,10,0.0,0.0
0,"{'cnn_1_filters': 16, 'cnn_2_filters': 16, 'cnn_kernel': 9, 'amount_lstm': 2, 'lstm_1_units': 45, 'lstm_2_units': 20, 'lstm_3_units': 10, 'dropout': 0.35, 'dropout_recurrent': 0.0}",0.9546061158180237,0.8679999709129333,59,51,16,16,9,2,45,20,10,0.35,0.0
0,"{'cnn_1_filters': 16, 'cnn_2_filters': 16, 'cnn_kernel': 9, 'amount_lstm': 3, 'lstm_1_units': 90, 'lstm_2_units': 30, 'lstm_3_units': 15, 'dropout': 0.0, 'dropout_recurrent': 0.0}",0.9572763442993164,0.8560000061988831,36,35,16,16,9,3,90,30,15,0.0,0.0
0,"{'cnn_1_filters': 16, 'cnn_2_filters': 16, 'cnn_kernel': 9, 'amount_lstm': 3, 'lstm_1_units': 90, 'lstm_2_units': 30, 'lstm_3_units': 15, 'dropout': 0.35, 'dropout_recurrent': 0.0}",0.969292402267456,0.843999981880188,77,63,16,16,9,3,90,30,15,0.35,0.0
0,"{'cnn_1_filters': 16, 'cnn_2_filters': 16, 'cnn_kernel': 9, 'amount_lstm': 3, 'lstm_1_units': 90, 'lstm_2_units': 30, 'lstm_3_units': 10, 'dropout': 0.0, 'dropout_recurrent': 0.0}",0.9786381721496582,0.8320000171661377,63,62,16,16,9,3,90,30,10,0.0,0.0
0,"{'cnn_1_filters': 16, 'cnn_2_filters': 16, 'cnn_kernel': 9, 'amount_lstm': 3, 'lstm_1_units': 90, 'lstm_2_units': 30, 'lstm_3_units': 10, 'dropout': 0.35, 'dropout_recurrent': 0.0}",0.8998664617538452,0.8119999766349792,57,49,16,16,9,3,90,30,10,0.35,0.0
0,"{'cnn_1_filters': 16, 'cnn_2_filters': 16, 'cnn_kernel': 9, 'amount_lstm': 3, 'lstm_1_units': 90, 'lstm_2_units': 20, 'lstm_3_units': 15, 'dropout': 0.0, 'dropout_recurrent': 0.0}",0.8838451504707336,0.7440000176429749,44,53,16,16,9,3,90,20,15,0.0,0.0
0,"{'cnn_1_filters': 16, 'cnn_2_filters': 16, 'cnn_kernel': 9, 'amount_lstm': 3, 'lstm_1_units': 90, 'lstm_2_units': 20, 'lstm_3_units': 15, 'dropout': 0.35, 'dropout_recurrent': 0.0}",0.950600802898407,0.8119999766349792,55,55,16,16,9,3,90,20,15,0.35,0.0
0,"{'cnn_1_filters': 16, 'cnn_2_filters': 16, 'cnn_kernel': 9, 'amount_lstm': 3, 'lstm_1_units': 90, 'lstm_2_units': 20, 'lstm_3_units': 10, 'dropout': 0.0, 'dropout_recurrent': 0.0}",0.8971962332725525,0.7160000205039978,68,68,16,16,9,3,90,20,10,0.0,0.0
0,"{'cnn_1_filters': 16, 'cnn_2_filters': 16, 'cnn_kernel': 9, 'amount_lstm': 3, 'lstm_1_units': 90, 'lstm_2_units': 20, 'lstm_3_units': 10, 'dropout': 0.35, 'dropout_recurrent': 0.0}",0.9492656588554382,0.8159999847412109,79,78,16,16,9,3,90,20,10,0.35,0.0
0,"{'cnn_1_filters': 16, 'cnn_2_filters': 16, 'cnn_kernel': 9, 'amount_lstm': 3, 'lstm_1_units': 45, 'lstm_2_units': 30, 'lstm_3_units': 15, 'dropout': 0.0, 'dropout_recurrent': 0.0}",0.8785046935081482,0.7160000205039978,35,40,16,16,9,3,45,30,15,0.0,0.0
0,"{'cnn_1_filters': 16, 'cnn_2_filters': 16, 'cnn_kernel': 9, 'amount_lstm': 3, 'lstm_1_units': 45, 'lstm_2_units': 30, 'lstm_3_units': 15, 'dropout': 0.35, 'dropout_recurrent': 0.0}",0.9465954899787903,0.8320000171661377,65,63,16,16,9,3,45,30,15,0.35,0.0
0,"{'cnn_1_filters': 16, 'cnn_2_filters': 16, 'cnn_kernel': 9, 'amount_lstm': 3, 'lstm_1_units': 45, 'lstm_2_units': 30, 'lstm_3_units': 10, 'dropout': 0.0, 'dropout_recurrent': 0.0}",0.8611481785774231,0.7599999904632568,41,39,16,16,9,3,45,30,10,0.0,0.0
0,"{'cnn_1_filters': 16, 'cnn_2_filters': 16, 'cnn_kernel': 9, 'amount_lstm': 3, 'lstm_1_units': 45, 'lstm_2_units': 30, 'lstm_3_units': 10, 'dropout': 0.35, 'dropout_recurrent': 0.0}",0.9679572582244873,0.843999981880188,102,101,16,16,9,3,45,30,10,0.35,0.0
0,"{'cnn_1_filters': 16, 'cnn_2_filters': 16, 'cnn_kernel': 9, 'amount_lstm': 3, 'lstm_1_units': 45, 'lstm_2_units': 20, 'lstm_3_units': 15, 'dropout': 0.0, 'dropout_recurrent': 0.0}",0.9252336621284485,0.7960000038146973,50,43,16,16,9,3,45,20,15,0.0,0.0
0,"{'cnn_1_filters': 16, 'cnn_2_filters': 16, 'cnn_kernel': 9, 'amount_lstm': 3, 'lstm_1_units': 45, 'lstm_2_units': 20, 'lstm_3_units': 15, 'dropout': 0.35, 'dropout_recurrent': 0.0}",0.921228289604187,0.828000009059906,45,40,16,16,9,3,45,20,15,0.35,0.0
0,"{'cnn_1_filters': 16, 'cnn_2_filters': 16, 'cnn_kernel': 9, 'amount_lstm': 3, 'lstm_1_units': 45, 'lstm_2_units': 20, 'lstm_3_units': 10, 'dropout': 0.0, 'dropout_recurrent': 0.0}",0.9425901174545288,0.7559999823570251,64,59,16,16,9,3,45,20,10,0.0,0.0
0,"{'cnn_1_filters': 16, 'cnn_2_filters': 16, 'cnn_kernel': 9, 'amount_lstm': 3, 'lstm_1_units': 45, 'lstm_2_units': 20, 'lstm_3_units': 10, 'dropout': 0.35, 'dropout_recurrent': 0.0}",0.8624833226203918,0.7400000095367432,73,77,16,16,9,3,45,20,10,0.35,0.0
0,"{'cnn_1_filters': 16, 'cnn_2_filters': 8, 'cnn_kernel': 5, 'amount_lstm': 1, 'lstm_1_units': 90, 'lstm_2_units': 30, 'lstm_3_units': 15, 'dropout': 0.0, 'dropout_recurrent': 0.0}",0.9492656588554382,0.7279999852180481,25,24,16,8,5,1,90,30,15,0.0,0.0
0,"{'cnn_1_filters': 16, 'cnn_2_filters': 8, 'cnn_kernel': 5, 'amount_lstm': 1, 'lstm_1_units': 90, 'lstm_2_units': 30, 'lstm_3_units': 15, 'dropout': 0.35, 'dropout_recurrent': 0.0}",0.9679572582244873,0.8040000200271606,41,41,16,8,5,1,90,30,15,0.35,0.0
0,"{'cnn_1_filters': 16, 'cnn_2_filters': 8, 'cnn_kernel': 5, 'amount_lstm': 1, 'lstm_1_units': 90, 'lstm_2_units': 30, 'lstm_3_units': 10, 'dropout': 0.0, 'dropout_recurrent': 0.0}",0.9773030877113342,0.7839999794960022,40,33,16,8,5,1,90,30,10,0.0,0.0
0,"{'cnn_1_filters': 16, 'cnn_2_filters': 8, 'cnn_kernel': 5, 'amount_lstm': 1, 'lstm_1_units': 90, 'lstm_2_units': 30, 'lstm_3_units': 10, 'dropout': 0.35, 'dropout_recurrent': 0.0}",0.951935887336731,0.800000011920929,41,35,16,8,5,1,90,30,10,0.35,0.0
0,"{'cnn_1_filters': 16, 'cnn_2_filters': 8, 'cnn_kernel': 5, 'amount_lstm': 1, 'lstm_1_units': 90, 'lstm_2_units': 20, 'lstm_3_units': 15, 'dropout': 0.0, 'dropout_recurrent': 0.0}",0.9746328592300415,0.7519999742507935,41,41,16,8,5,1,90,20,15,0.0,0.0
0,"{'cnn_1_filters': 16, 'cnn_2_filters': 8, 'cnn_kernel': 5, 'amount_lstm': 1, 'lstm_1_units': 90, 'lstm_2_units': 20, 'lstm_3_units': 15, 'dropout': 0.35, 'dropout_recurrent': 0.0}",0.9546061158180237,0.7720000147819519,42,35,16,8,5,1,90,20,15,0.35,0.0
0,"{'cnn_1_filters': 16, 'cnn_2_filters': 8, 'cnn_kernel': 5, 'amount_lstm': 1, 'lstm_1_units': 90, 'lstm_2_units': 20, 'lstm_3_units': 10, 'dropout': 0.0, 'dropout_recurrent': 0.0}",0.9746328592300415,0.8119999766349792,31,25,16,8,5,1,90,20,10,0.0,0.0
0,"{'cnn_1_filters': 16, 'cnn_2_filters': 8, 'cnn_kernel': 5, 'amount_lstm': 1, 'lstm_1_units': 90, 'lstm_2_units': 20, 'lstm_3_units': 10, 'dropout': 0.35, 'dropout_recurrent': 0.0}",0.9773030877113342,0.8080000281333923,57,57,16,8,5,1,90,20,10,0.35,0.0
0,"{'cnn_1_filters': 16, 'cnn_2_filters': 8, 'cnn_kernel': 5, 'amount_lstm': 1, 'lstm_1_units': 45, 'lstm_2_units': 30, 'lstm_3_units': 15, 'dropout': 0.0, 'dropout_recurrent': 0.0}",0.9719626307487488,0.7559999823570251,51,50,16,8,5,1,45,30,15,0.0,0.0
0,"{'cnn_1_filters': 16, 'cnn_2_filters': 8, 'cnn_kernel': 5, 'amount_lstm': 1, 'lstm_1_units': 45, 'lstm_2_units': 30, 'lstm_3_units': 15, 'dropout': 0.35, 'dropout_recurrent': 0.0}",0.9399198889732361,0.7960000038146973,50,45,16,8,5,1,45,30,15,0.35,0.0
0,"{'cnn_1_filters': 16, 'cnn_2_filters': 8, 'cnn_kernel': 5, 'amount_lstm': 1, 'lstm_1_units': 45, 'lstm_2_units': 30, 'lstm_3_units': 10, 'dropout': 0.0, 'dropout_recurrent': 0.0}",0.9679572582244873,0.7839999794960022,54,53,16,8,5,1,45,30,10,0.0,0.0
0,"{'cnn_1_filters': 16, 'cnn_2_filters': 8, 'cnn_kernel': 5, 'amount_lstm': 1, 'lstm_1_units': 45, 'lstm_2_units': 30, 'lstm_3_units': 10, 'dropout': 0.35, 'dropout_recurrent': 0.0}",0.9292389750480652,0.7720000147819519,45,47,16,8,5,1,45,30,10,0.35,0.0
0,"{'cnn_1_filters': 16, 'cnn_2_filters': 8, 'cnn_kernel': 5, 'amount_lstm': 1, 'lstm_1_units': 45, 'lstm_2_units': 20, 'lstm_3_units': 15, 'dropout': 0.0, 'dropout_recurrent': 0.0}",0.9626168012619019,0.7680000066757202,48,35,16,8,5,1,45,20,15,0.0,0.0
0,"{'cnn_1_filters': 16, 'cnn_2_filters': 8, 'cnn_kernel': 5, 'amount_lstm': 1, 'lstm_1_units': 45, 'lstm_2_units': 20, 'lstm_3_units': 15, 'dropout': 0.35, 'dropout_recurrent': 0.0}",0.950600802898407,0.7799999713897705,52,52,16,8,5,1,45,20,15,0.35,0.0
0,"{'cnn_1_filters': 16, 'cnn_2_filters': 8, 'cnn_kernel': 5, 'amount_lstm': 1, 'lstm_1_units': 45, 'lstm_2_units': 20, 'lstm_3_units': 10, 'dropout': 0.0, 'dropout_recurrent': 0.0}",0.9372496604919434,0.7599999904632568,40,26,16,8,5,1,45,20,10,0.0,0.0
0,"{'cnn_1_filters': 16, 'cnn_2_filters': 8, 'cnn_kernel': 5, 'amount_lstm': 1, 'lstm_1_units': 45, 'lstm_2_units': 20, 'lstm_3_units': 10, 'dropout': 0.35, 'dropout_recurrent': 0.0}",0.8851802349090576,0.7080000042915344,39,37,16,8,5,1,45,20,10,0.35,0.0
0,"{'cnn_1_filters': 16, 'cnn_2_filters': 8, 'cnn_kernel': 5, 'amount_lstm': 2, 'lstm_1_units': 90, 'lstm_2_units': 30, 'lstm_3_units': 15, 'dropout': 0.0, 'dropout_recurrent': 0.0}",0.951935887336731,0.7519999742507935,42,46,16,8,5,2,90,30,15,0.0,0.0
0,"{'cnn_1_filters': 16, 'cnn_2_filters': 8, 'cnn_kernel': 5, 'amount_lstm': 2, 'lstm_1_units': 90, 'lstm_2_units': 30, 'lstm_3_units': 15, 'dropout': 0.35, 'dropout_recurrent': 0.0}",0.9425901174545288,0.800000011920929,45,41,16,8,5,2,90,30,15,0.35,0.0
0,"{'cnn_1_filters': 16, 'cnn_2_filters': 8, 'cnn_kernel': 5, 'amount_lstm': 2, 'lstm_1_units': 90, 'lstm_2_units': 30, 'lstm_3_units': 10, 'dropout': 0.0, 'dropout_recurrent': 0.0}",0.9465954899787903,0.800000011920929,35,35,16,8,5,2,90,30,10,0.0,0.0
0,"{'cnn_1_filters': 16, 'cnn_2_filters': 8, 'cnn_kernel': 5, 'amount_lstm': 2, 'lstm_1_units': 90, 'lstm_2_units': 30, 'lstm_3_units': 10, 'dropout': 0.35, 'dropout_recurrent': 0.0}",0.9559412598609924,0.7879999876022339,59,50,16,8,5,2,90,30,10,0.35,0.0
0,"{'cnn_1_filters': 16, 'cnn_2_filters': 8, 'cnn_kernel': 5, 'amount_lstm': 2, 'lstm_1_units': 90, 'lstm_2_units': 20, 'lstm_3_units': 15, 'dropout': 0.0, 'dropout_recurrent': 0.0}",0.9532710313796997,0.7919999957084656,39,46,16,8,5,2,90,20,15,0.0,0.0
0,"{'cnn_1_filters': 16, 'cnn_2_filters': 8, 'cnn_kernel': 5, 'amount_lstm': 2, 'lstm_1_units': 90, 'lstm_2_units': 20, 'lstm_3_units': 15, 'dropout': 0.35, 'dropout_recurrent': 0.0}",0.9025366902351379,0.7720000147819519,29,33,16,8,5,2,90,20,15,0.35,0.0
0,"{'cnn_1_filters': 16, 'cnn_2_filters': 8, 'cnn_kernel': 5, 'amount_lstm': 2, 'lstm_1_units': 90, 'lstm_2_units': 20, 'lstm_3_units': 10, 'dropout': 0.0, 'dropout_recurrent': 0.0}",0.9546061158180237,0.7720000147819519,50,48,16,8,5,2,90,20,10,0.0,0.0
0,"{'cnn_1_filters': 16, 'cnn_2_filters': 8, 'cnn_kernel': 5, 'amount_lstm': 2, 'lstm_1_units': 90, 'lstm_2_units': 20, 'lstm_3_units': 10, 'dropout': 0.35, 'dropout_recurrent': 0.0}",0.9719626307487488,0.8119999766349792,68,66,16,8,5,2,90,20,10,0.35,0.0
0,"{'cnn_1_filters': 16, 'cnn_2_filters': 8, 'cnn_kernel': 5, 'amount_lstm': 2, 'lstm_1_units': 45, 'lstm_2_units': 30, 'lstm_3_units': 15, 'dropout': 0.0, 'dropout_recurrent': 0.0}",0.951935887336731,0.7559999823570251,48,48,16,8,5,2,45,30,15,0.0,0.0
0,"{'cnn_1_filters': 16, 'cnn_2_filters': 8, 'cnn_kernel': 5, 'amount_lstm': 2, 'lstm_1_units': 45, 'lstm_2_units': 30, 'lstm_3_units': 15, 'dropout': 0.35, 'dropout_recurrent': 0.0}",0.9439252614974976,0.8119999766349792,63,61,16,8,5,2,45,30,15,0.35,0.0
0,"{'cnn_1_filters': 16, 'cnn_2_filters': 8, 'cnn_kernel': 5, 'amount_lstm': 2, 'lstm_1_units': 45, 'lstm_2_units': 30, 'lstm_3_units': 10, 'dropout': 0.0, 'dropout_recurrent': 0.0}",0.9626168012619019,0.7799999713897705,47,47,16,8,5,2,45,30,10,0.0,0.0
0,"{'cnn_1_filters': 16, 'cnn_2_filters': 8, 'cnn_kernel': 5, 'amount_lstm': 2, 'lstm_1_units': 45, 'lstm_2_units': 30, 'lstm_3_units': 10, 'dropout': 0.35, 'dropout_recurrent': 0.0}",0.8998664617538452,0.7360000014305115,51,42,16,8,5,2,45,30,10,0.35,0.0
0,"{'cnn_1_filters': 16, 'cnn_2_filters': 8, 'cnn_kernel': 5, 'amount_lstm': 2, 'lstm_1_units': 45, 'lstm_2_units': 20, 'lstm_3_units': 15, 'dropout': 0.0, 'dropout_recurrent': 0.0}",0.9546061158180237,0.7680000066757202,52,59,16,8,5,2,45,20,15,0.0,0.0
0,"{'cnn_1_filters': 16, 'cnn_2_filters': 8, 'cnn_kernel': 5, 'amount_lstm': 2, 'lstm_1_units': 45, 'lstm_2_units': 20, 'lstm_3_units': 15, 'dropout': 0.35, 'dropout_recurrent': 0.0}",0.9546061158180237,0.828000009059906,77,76,16,8,5,2,45,20,15,0.35,0.0
0,"{'cnn_1_filters': 16, 'cnn_2_filters': 8, 'cnn_kernel': 5, 'amount_lstm': 2, 'lstm_1_units': 45, 'lstm_2_units': 20, 'lstm_3_units': 10, 'dropout': 0.0, 'dropout_recurrent': 0.0}",0.979973316192627,0.7760000228881836,61,56,16,8,5,2,45,20,10,0.0,0.0
0,"{'cnn_1_filters': 16, 'cnn_2_filters': 8, 'cnn_kernel': 5, 'amount_lstm': 2, 'lstm_1_units': 45, 'lstm_2_units': 20, 'lstm_3_units': 10, 'dropout': 0.35, 'dropout_recurrent': 0.0}",0.951935887336731,0.8799999952316284,81,82,16,8,5,2,45,20,10,0.35,0.0
0,"{'cnn_1_filters': 16, 'cnn_2_filters': 8, 'cnn_kernel': 5, 'amount_lstm': 3, 'lstm_1_units': 90, 'lstm_2_units': 30, 'lstm_3_units': 15, 'dropout': 0.0, 'dropout_recurrent': 0.0}",0.9439252614974976,0.800000011920929,47,45,16,8,5,3,90,30,15,0.0,0.0
0,"{'cnn_1_filters': 16, 'cnn_2_filters': 8, 'cnn_kernel': 5, 'amount_lstm': 3, 'lstm_1_units': 90, 'lstm_2_units': 30, 'lstm_3_units': 15, 'dropout': 0.35, 'dropout_recurrent': 0.0}",0.9185580611228943,0.828000009059906,67,66,16,8,5,3,90,30,15,0.35,0.0
0,"{'cnn_1_filters': 16, 'cnn_2_filters': 8, 'cnn_kernel': 5, 'amount_lstm': 3, 'lstm_1_units': 90, 'lstm_2_units': 30, 'lstm_3_units': 10, 'dropout': 0.0, 'dropout_recurrent': 0.0}",0.9038718342781067,0.800000011920929,58,58,16,8,5,3,90,30,10,0.0,0.0
0,"{'cnn_1_filters': 16, 'cnn_2_filters': 8, 'cnn_kernel': 5, 'amount_lstm': 3, 'lstm_1_units': 90, 'lstm_2_units': 30, 'lstm_3_units': 10, 'dropout': 0.35, 'dropout_recurrent': 0.0}",0.8437917232513428,0.7599999904632568,41,41,16,8,5,3,90,30,10,0.35,0.0
0,"{'cnn_1_filters': 16, 'cnn_2_filters': 8, 'cnn_kernel': 5, 'amount_lstm': 3, 'lstm_1_units': 90, 'lstm_2_units': 20, 'lstm_3_units': 15, 'dropout': 0.0, 'dropout_recurrent': 0.0}",0.8771695494651794,0.7839999794960022,47,42,16,8,5,3,90,20,15,0.0,0.0
0,"{'cnn_1_filters': 16, 'cnn_2_filters': 8, 'cnn_kernel': 5, 'amount_lstm': 3, 'lstm_1_units': 90, 'lstm_2_units': 20, 'lstm_3_units': 15, 'dropout': 0.35, 'dropout_recurrent': 0.0}",0.9385848045349121,0.8159999847412109,72,69,16,8,5,3,90,20,15,0.35,0.0
0,"{'cnn_1_filters': 16, 'cnn_2_filters': 8, 'cnn_kernel': 5, 'amount_lstm': 3, 'lstm_1_units': 90, 'lstm_2_units': 20, 'lstm_3_units': 10, 'dropout': 0.0, 'dropout_recurrent': 0.0}",0.7943925261497498,0.699999988079071,42,47,16,8,5,3,90,20,10,0.0,0.0
0,"{'cnn_1_filters': 16, 'cnn_2_filters': 8, 'cnn_kernel': 5, 'amount_lstm': 3, 'lstm_1_units': 90, 'lstm_2_units': 20, 'lstm_3_units': 10, 'dropout': 0.35, 'dropout_recurrent': 0.0}",0.8998664617538452,0.843999981880188,48,43,16,8,5,3,90,20,10,0.35,0.0
0,"{'cnn_1_filters': 16, 'cnn_2_filters': 8, 'cnn_kernel': 5, 'amount_lstm': 3, 'lstm_1_units': 45, 'lstm_2_units': 30, 'lstm_3_units': 15, 'dropout': 0.0, 'dropout_recurrent': 0.0}",0.8785046935081482,0.7680000066757202,50,44,16,8,5,3,45,30,15,0.0,0.0
0,"{'cnn_1_filters': 16, 'cnn_2_filters': 8, 'cnn_kernel': 5, 'amount_lstm': 3, 'lstm_1_units': 45, 'lstm_2_units': 30, 'lstm_3_units': 15, 'dropout': 0.35, 'dropout_recurrent': 0.0}",0.9065420627593994,0.8600000143051147,67,62,16,8,5,3,45,30,15,0.35,0.0
0,"{'cnn_1_filters': 16, 'cnn_2_filters': 8, 'cnn_kernel': 5, 'amount_lstm': 3, 'lstm_1_units': 45, 'lstm_2_units': 30, 'lstm_3_units': 10, 'dropout': 0.0, 'dropout_recurrent': 0.0}",0.9652870297431946,0.843999981880188,71,72,16,8,5,3,45,30,10,0.0,0.0
0,"{'cnn_1_filters': 16, 'cnn_2_filters': 8, 'cnn_kernel': 5, 'amount_lstm': 3, 'lstm_1_units': 45, 'lstm_2_units': 30, 'lstm_3_units': 10, 'dropout': 0.35, 'dropout_recurrent': 0.0}",0.9025366902351379,0.8479999899864197,78,70,16,8,5,3,45,30,10,0.35,0.0
0,"{'cnn_1_filters': 16, 'cnn_2_filters': 8, 'cnn_kernel': 5, 'amount_lstm': 3, 'lstm_1_units': 45, 'lstm_2_units': 20, 'lstm_3_units': 15, 'dropout': 0.0, 'dropout_recurrent': 0.0}",0.821094810962677,0.7120000123977661,32,41,16,8,5,3,45,20,15,0.0,0.0
0,"{'cnn_1_filters': 16, 'cnn_2_filters': 8, 'cnn_kernel': 5, 'amount_lstm': 3, 'lstm_1_units': 45, 'lstm_2_units': 20, 'lstm_3_units': 15, 'dropout': 0.35, 'dropout_recurrent': 0.0}",0.8771695494651794,0.800000011920929,58,58,16,8,5,3,45,20,15,0.35,0.0
0,"{'cnn_1_filters': 16, 'cnn_2_filters': 8, 'cnn_kernel': 5, 'amount_lstm': 3, 'lstm_1_units': 45, 'lstm_2_units': 20, 'lstm_3_units': 10, 'dropout': 0.0, 'dropout_recurrent': 0.0}",0.9145527482032776,0.7400000095367432,52,44,16,8,5,3,45,20,10,0.0,0.0
0,"{'cnn_1_filters': 16, 'cnn_2_filters': 8, 'cnn_kernel': 5, 'amount_lstm': 3, 'lstm_1_units': 45, 'lstm_2_units': 20, 'lstm_3_units': 10, 'dropout': 0.35, 'dropout_recurrent': 0.0}",0.9586114883422852,0.871999979019165,111,106,16,8,5,3,45,20,10,0.35,0.0
0,"{'cnn_1_filters': 16, 'cnn_2_filters': 8, 'cnn_kernel': 9, 'amount_lstm': 1, 'lstm_1_units': 90, 'lstm_2_units': 30, 'lstm_3_units': 15, 'dropout': 0.0, 'dropout_recurrent': 0.0}",0.969292402267456,0.8080000281333923,39,38,16,8,9,1,90,30,15,0.0,0.0
0,"{'cnn_1_filters': 16, 'cnn_2_filters': 8, 'cnn_kernel': 9, 'amount_lstm': 1, 'lstm_1_units': 90, 'lstm_2_units': 30, 'lstm_3_units': 15, 'dropout': 0.35, 'dropout_recurrent': 0.0}",0.9599465727806091,0.8519999980926514,41,34,16,8,9,1,90,30,15,0.35,0.0
0,"{'cnn_1_filters': 16, 'cnn_2_filters': 8, 'cnn_kernel': 9, 'amount_lstm': 1, 'lstm_1_units': 90, 'lstm_2_units': 30, 'lstm_3_units': 10, 'dropout': 0.0, 'dropout_recurrent': 0.0}",0.9973297715187073,0.8679999709129333,48,47,16,8,9,1,90,30,10,0.0,0.0
0,"{'cnn_1_filters': 16, 'cnn_2_filters': 8, 'cnn_kernel': 9, 'amount_lstm': 1, 'lstm_1_units': 90, 'lstm_2_units': 30, 'lstm_3_units': 10, 'dropout': 0.35, 'dropout_recurrent': 0.0}",0.9559412598609924,0.8199999928474426,42,37,16,8,9,1,90,30,10,0.35,0.0
0,"{'cnn_1_filters': 16, 'cnn_2_filters': 8, 'cnn_kernel': 9, 'amount_lstm': 1, 'lstm_1_units': 90, 'lstm_2_units': 20, 'lstm_3_units': 15, 'dropout': 0.0, 'dropout_recurrent': 0.0}",0.9412550330162048,0.7919999957084656,29,30,16,8,9,1,90,20,15,0.0,0.0
0,"{'cnn_1_filters': 16, 'cnn_2_filters': 8, 'cnn_kernel': 9, 'amount_lstm': 1, 'lstm_1_units': 90, 'lstm_2_units': 20, 'lstm_3_units': 15, 'dropout': 0.35, 'dropout_recurrent': 0.0}",0.921228289604187,0.8159999847412109,29,27,16,8,9,1,90,20,15,0.35,0.0
0,"{'cnn_1_filters': 16, 'cnn_2_filters': 8, 'cnn_kernel': 9, 'amount_lstm': 1, 'lstm_1_units': 90, 'lstm_2_units': 20, 'lstm_3_units': 10, 'dropout': 0.0, 'dropout_recurrent': 0.0}",0.9746328592300415,0.7879999876022339,43,43,16,8,9,1,90,20,10,0.0,0.0
0,"{'cnn_1_filters': 16, 'cnn_2_filters': 8, 'cnn_kernel': 9, 'amount_lstm': 1, 'lstm_1_units': 90, 'lstm_2_units': 20, 'lstm_3_units': 10, 'dropout': 0.35, 'dropout_recurrent': 0.0}",0.9639519453048706,0.8240000009536743,51,47,16,8,9,1,90,20,10,0.35,0.0
0,"{'cnn_1_filters': 16, 'cnn_2_filters': 8, 'cnn_kernel': 9, 'amount_lstm': 1, 'lstm_1_units': 45, 'lstm_2_units': 30, 'lstm_3_units': 15, 'dropout': 0.0, 'dropout_recurrent': 0.0}",0.969292402267456,0.7960000038146973,47,40,16,8,9,1,45,30,15,0.0,0.0
0,"{'cnn_1_filters': 16, 'cnn_2_filters': 8, 'cnn_kernel': 9, 'amount_lstm': 1, 'lstm_1_units': 45, 'lstm_2_units': 30, 'lstm_3_units': 15, 'dropout': 0.35, 'dropout_recurrent': 0.0}",0.9546061158180237,0.843999981880188,62,56,16,8,9,1,45,30,15,0.35,0.0
0,"{'cnn_1_filters': 16, 'cnn_2_filters': 8, 'cnn_kernel': 9, 'amount_lstm': 1, 'lstm_1_units': 45, 'lstm_2_units': 30, 'lstm_3_units': 10, 'dropout': 0.0, 'dropout_recurrent': 0.0}",0.9826435446739197,0.8119999766349792,65,58,16,8,9,1,45,30,10,0.0,0.0
0,"{'cnn_1_filters': 16, 'cnn_2_filters': 8, 'cnn_kernel': 9, 'amount_lstm': 1, 'lstm_1_units': 45, 'lstm_2_units': 30, 'lstm_3_units': 10, 'dropout': 0.35, 'dropout_recurrent': 0.0}",0.9065420627593994,0.8040000200271606,42,39,16,8,9,1,45,30,10,0.35,0.0
0,"{'cnn_1_filters': 16, 'cnn_2_filters': 8, 'cnn_kernel': 9, 'amount_lstm': 1, 'lstm_1_units': 45, 'lstm_2_units': 20, 'lstm_3_units': 15, 'dropout': 0.0, 'dropout_recurrent': 0.0}",0.9225634336471558,0.8159999847412109,40,35,16,8,9,1,45,20,15,0.0,0.0
0,"{'cnn_1_filters': 16, 'cnn_2_filters': 8, 'cnn_kernel': 9, 'amount_lstm': 1, 'lstm_1_units': 45, 'lstm_2_units': 20, 'lstm_3_units': 15, 'dropout': 0.35, 'dropout_recurrent': 0.0}",0.9465954899787903,0.8519999980926514,50,51,16,8,9,1,45,20,15,0.35,0.0
0,"{'cnn_1_filters': 16, 'cnn_2_filters': 8, 'cnn_kernel': 9, 'amount_lstm': 1, 'lstm_1_units': 45, 'lstm_2_units': 20, 'lstm_3_units': 10, 'dropout': 0.0, 'dropout_recurrent': 0.0}",0.9105473756790161,0.7879999876022339,57,53,16,8,9,1,45,20,10,0.0,0.0
0,"{'cnn_1_filters': 16, 'cnn_2_filters': 8, 'cnn_kernel': 9, 'amount_lstm': 1, 'lstm_1_units': 45, 'lstm_2_units': 20, 'lstm_3_units': 10, 'dropout': 0.35, 'dropout_recurrent': 0.0}",0.9385848045349121,0.8199999928474426,46,48,16,8,9,1,45,20,10,0.35,0.0
0,"{'cnn_1_filters': 16, 'cnn_2_filters': 8, 'cnn_kernel': 9, 'amount_lstm': 2, 'lstm_1_units': 90, 'lstm_2_units': 30, 'lstm_3_units': 15, 'dropout': 0.0, 'dropout_recurrent': 0.0}",0.9746328592300415,0.8119999766349792,46,38,16,8,9,2,90,30,15,0.0,0.0
0,"{'cnn_1_filters': 16, 'cnn_2_filters': 8, 'cnn_kernel': 9, 'amount_lstm': 2, 'lstm_1_units': 90, 'lstm_2_units': 30, 'lstm_3_units': 15, 'dropout': 0.35, 'dropout_recurrent': 0.0}",0.9532710313796997,0.8759999871253967,58,51,16,8,9,2,90,30,15,0.35,0.0
0,"{'cnn_1_filters': 16, 'cnn_2_filters': 8, 'cnn_kernel': 9, 'amount_lstm': 2, 'lstm_1_units': 90, 'lstm_2_units': 30, 'lstm_3_units': 10, 'dropout': 0.0, 'dropout_recurrent': 0.0}",0.979973316192627,0.8159999847412109,46,44,16,8,9,2,90,30,10,0.0,0.0
0,"{'cnn_1_filters': 16, 'cnn_2_filters': 8, 'cnn_kernel': 9, 'amount_lstm': 2, 'lstm_1_units': 90, 'lstm_2_units': 30, 'lstm_3_units': 10, 'dropout': 0.35, 'dropout_recurrent': 0.0}",0.9452603459358215,0.8560000061988831,41,44,16,8,9,2,90,30,10,0.35,0.0
0,"{'cnn_1_filters': 16, 'cnn_2_filters': 8, 'cnn_kernel': 9, 'amount_lstm': 2, 'lstm_1_units': 90, 'lstm_2_units': 20, 'lstm_3_units': 15, 'dropout': 0.0, 'dropout_recurrent': 0.0}",0.9452603459358215,0.8159999847412109,41,40,16,8,9,2,90,20,15,0.0,0.0
0,"{'cnn_1_filters': 16, 'cnn_2_filters': 8, 'cnn_kernel': 9, 'amount_lstm': 2, 'lstm_1_units': 90, 'lstm_2_units': 20, 'lstm_3_units': 15, 'dropout': 0.35, 'dropout_recurrent': 0.0}",0.9118825197219849,0.8240000009536743,48,41,16,8,9,2,90,20,15,0.35,0.0
0,"{'cnn_1_filters': 16, 'cnn_2_filters': 8, 'cnn_kernel': 9, 'amount_lstm': 2, 'lstm_1_units': 90, 'lstm_2_units': 20, 'lstm_3_units': 10, 'dropout': 0.0, 'dropout_recurrent': 0.0}",0.9719626307487488,0.8600000143051147,49,41,16,8,9,2,90,20,10,0.0,0.0
0,"{'cnn_1_filters': 16, 'cnn_2_filters': 8, 'cnn_kernel': 9, 'amount_lstm': 2, 'lstm_1_units': 90, 'lstm_2_units': 20, 'lstm_3_units': 10, 'dropout': 0.35, 'dropout_recurrent': 0.0}",0.9492656588554382,0.8640000224113464,60,62,16,8,9,2,90,20,10,0.35,0.0
0,"{'cnn_1_filters': 16, 'cnn_2_filters': 8, 'cnn_kernel': 9, 'amount_lstm': 2, 'lstm_1_units': 45, 'lstm_2_units': 30, 'lstm_3_units': 15, 'dropout': 0.0, 'dropout_recurrent': 0.0}",0.9572763442993164,0.8479999899864197,49,44,16,8,9,2,45,30,15,0.0,0.0
0,"{'cnn_1_filters': 16, 'cnn_2_filters': 8, 'cnn_kernel': 9, 'amount_lstm': 2, 'lstm_1_units': 45, 'lstm_2_units': 30, 'lstm_3_units': 15, 'dropout': 0.35, 'dropout_recurrent': 0.0}",0.9412550330162048,0.828000009059906,54,57,16,8,9,2,45,30,15,0.35,0.0
0,"{'cnn_1_filters': 16, 'cnn_2_filters': 8, 'cnn_kernel': 9, 'amount_lstm': 2, 'lstm_1_units': 45, 'lstm_2_units': 30, 'lstm_3_units': 10, 'dropout': 0.0, 'dropout_recurrent': 0.0}",0.9679572582244873,0.843999981880188,59,51,16,8,9,2,45,30,10,0.0,0.0
0,"{'cnn_1_filters': 16, 'cnn_2_filters': 8, 'cnn_kernel': 9, 'amount_lstm': 2, 'lstm_1_units': 45, 'lstm_2_units': 30, 'lstm_3_units': 10, 'dropout': 0.35, 'dropout_recurrent': 0.0}",0.9292389750480652,0.828000009059906,53,43,16,8,9,2,45,30,10,0.35,0.0
0,"{'cnn_1_filters': 16, 'cnn_2_filters': 8, 'cnn_kernel': 9, 'amount_lstm': 2, 'lstm_1_units': 45, 'lstm_2_units': 20, 'lstm_3_units': 15, 'dropout': 0.0, 'dropout_recurrent': 0.0}",0.921228289604187,0.7919999957084656,53,53,16,8,9,2,45,20,15,0.0,0.0
0,"{'cnn_1_filters': 16, 'cnn_2_filters': 8, 'cnn_kernel': 9, 'amount_lstm': 2, 'lstm_1_units': 45, 'lstm_2_units': 20, 'lstm_3_units': 15, 'dropout': 0.35, 'dropout_recurrent': 0.0}",0.9238985180854797,0.843999981880188,61,58,16,8,9,2,45,20,15,0.35,0.0
0,"{'cnn_1_filters': 16, 'cnn_2_filters': 8, 'cnn_kernel': 9, 'amount_lstm': 2, 'lstm_1_units': 45, 'lstm_2_units': 20, 'lstm_3_units': 10, 'dropout': 0.0, 'dropout_recurrent': 0.0}",0.9412550330162048,0.8159999847412109,51,47,16,8,9,2,45,20,10,0.0,0.0
0,"{'cnn_1_filters': 16, 'cnn_2_filters': 8, 'cnn_kernel': 9, 'amount_lstm': 2, 'lstm_1_units': 45, 'lstm_2_units': 20, 'lstm_3_units': 10, 'dropout': 0.35, 'dropout_recurrent': 0.0}",0.8357810378074646,0.7239999771118164,29,32,16,8,9,2,45,20,10,0.35,0.0
0,"{'cnn_1_filters': 16, 'cnn_2_filters': 8, 'cnn_kernel': 9, 'amount_lstm': 3, 'lstm_1_units': 90, 'lstm_2_units': 30, 'lstm_3_units': 15, 'dropout': 0.0, 'dropout_recurrent': 0.0}",0.9092122912406921,0.7559999823570251,39,32,16,8,9,3,90,30,15,0.0,0.0
0,"{'cnn_1_filters': 16, 'cnn_2_filters': 8, 'cnn_kernel': 9, 'amount_lstm': 3, 'lstm_1_units': 90, 'lstm_2_units': 30, 'lstm_3_units': 15, 'dropout': 0.35, 'dropout_recurrent': 0.0}",0.9465954899787903,0.8199999928474426,60,52,16,8,9,3,90,30,15,0.35,0.0
0,"{'cnn_1_filters': 16, 'cnn_2_filters': 8, 'cnn_kernel': 9, 'amount_lstm': 3, 'lstm_1_units': 90, 'lstm_2_units': 30, 'lstm_3_units': 10, 'dropout': 0.0, 'dropout_recurrent': 0.0}",0.9425901174545288,0.7480000257492065,38,30,16,8,9,3,90,30,10,0.0,0.0
0,"{'cnn_1_filters': 16, 'cnn_2_filters': 8, 'cnn_kernel': 9, 'amount_lstm': 3, 'lstm_1_units': 90, 'lstm_2_units': 30, 'lstm_3_units': 10, 'dropout': 0.35, 'dropout_recurrent': 0.0}",0.9105473756790161,0.800000011920929,59,57,16,8,9,3,90,30,10,0.35,0.0
0,"{'cnn_1_filters': 16, 'cnn_2_filters': 8, 'cnn_kernel': 9, 'amount_lstm': 3, 'lstm_1_units': 90, 'lstm_2_units': 20, 'lstm_3_units': 15, 'dropout': 0.0, 'dropout_recurrent': 0.0}",0.9052069187164307,0.7239999771118164,43,33,16,8,9,3,90,20,15,0.0,0.0
0,"{'cnn_1_filters': 16, 'cnn_2_filters': 8, 'cnn_kernel': 9, 'amount_lstm': 3, 'lstm_1_units': 90, 'lstm_2_units': 20, 'lstm_3_units': 15, 'dropout': 0.35, 'dropout_recurrent': 0.0}",0.9292389750480652,0.8040000200271606,66,64,16,8,9,3,90,20,15,0.35,0.0
0,"{'cnn_1_filters': 16, 'cnn_2_filters': 8, 'cnn_kernel': 9, 'amount_lstm': 3, 'lstm_1_units': 90, 'lstm_2_units': 20, 'lstm_3_units': 10, 'dropout': 0.0, 'dropout_recurrent': 0.0}",0.9786381721496582,0.7960000038146973,69,57,16,8,9,3,90,20,10,0.0,0.0
0,"{'cnn_1_filters': 16, 'cnn_2_filters': 8, 'cnn_kernel': 9, 'amount_lstm': 3, 'lstm_1_units': 90, 'lstm_2_units': 20, 'lstm_3_units': 10, 'dropout': 0.35, 'dropout_recurrent': 0.0}",0.9586114883422852,0.8519999980926514,80,74,16,8,9,3,90,20,10,0.35,0.0
0,"{'cnn_1_filters': 16, 'cnn_2_filters': 8, 'cnn_kernel': 9, 'amount_lstm': 3, 'lstm_1_units': 45, 'lstm_2_units': 30, 'lstm_3_units': 15, 'dropout': 0.0, 'dropout_recurrent': 0.0}",0.9319092035293579,0.7519999742507935,55,56,16,8,9,3,45,30,15,0.0,0.0
0,"{'cnn_1_filters': 16, 'cnn_2_filters': 8, 'cnn_kernel': 9, 'amount_lstm': 3, 'lstm_1_units': 45, 'lstm_2_units': 30, 'lstm_3_units': 15, 'dropout': 0.35, 'dropout_recurrent': 0.0}",0.9626168012619019,0.8119999766349792,84,80,16,8,9,3,45,30,15,0.35,0.0
0,"{'cnn_1_filters': 16, 'cnn_2_filters': 8, 'cnn_kernel': 9, 'amount_lstm': 3, 'lstm_1_units': 45, 'lstm_2_units': 30, 'lstm_3_units': 10, 'dropout': 0.0, 'dropout_recurrent': 0.0}",0.9425901174545288,0.7360000014305115,56,52,16,8,9,3,45,30,10,0.0,0.0
0,"{'cnn_1_filters': 16, 'cnn_2_filters': 8, 'cnn_kernel': 9, 'amount_lstm': 3, 'lstm_1_units': 45, 'lstm_2_units': 30, 'lstm_3_units': 10, 'dropout': 0.35, 'dropout_recurrent': 0.0}",0.8971962332725525,0.7639999985694885,67,71,16,8,9,3,45,30,10,0.35,0.0
0,"{'cnn_1_filters': 16, 'cnn_2_filters': 8, 'cnn_kernel': 9, 'amount_lstm': 3, 'lstm_1_units': 45, 'lstm_2_units': 20, 'lstm_3_units': 15, 'dropout': 0.0, 'dropout_recurrent': 0.0}",0.9412550330162048,0.7279999852180481,62,57,16,8,9,3,45,20,15,0.0,0.0
0,"{'cnn_1_filters': 16, 'cnn_2_filters': 8, 'cnn_kernel': 9, 'amount_lstm': 3, 'lstm_1_units': 45, 'lstm_2_units': 20, 'lstm_3_units': 15, 'dropout': 0.35, 'dropout_recurrent': 0.0}",0.9145527482032776,0.8159999847412109,70,72,16,8,9,3,45,20,15,0.35,0.0
0,"{'cnn_1_filters': 16, 'cnn_2_filters': 8, 'cnn_kernel': 9, 'amount_lstm': 3, 'lstm_1_units': 45, 'lstm_2_units': 20, 'lstm_3_units': 10, 'dropout': 0.0, 'dropout_recurrent': 0.0}",0.9319092035293579,0.7400000095367432,62,50,16,8,9,3,45,20,10,0.0,0.0
0,"{'cnn_1_filters': 16, 'cnn_2_filters': 8, 'cnn_kernel': 9, 'amount_lstm': 3, 'lstm_1_units': 45, 'lstm_2_units': 20, 'lstm_3_units': 10, 'dropout': 0.35, 'dropout_recurrent': 0.0}",0.8571428656578064,0.7319999933242798,59,63,16,8,9,3,45,20,10,0.35,0.0
0,"{'cnn_1_filters': 16, 'cnn_2_filters': 16, 'cnn_kernel': 9, 'amount_lstm': 1, 'lstm_1_units': 45, 'lstm_2_units': 20, 'lstm_3_units': 15, 'dropout': 0.35, 'dropout_recurrent': 0.35}",0.9679572582244873,0.7879999876022339,60,60,16,16,9,1,45,20,15,0.35,0.35
0,"{'cnn_1_filters': 16, 'cnn_2_filters': 16, 'cnn_kernel': 9, 'amount_lstm': 1, 'lstm_1_units': 45, 'lstm_2_units': 20, 'lstm_3_units': 10, 'dropout': 0.0, 'dropout_recurrent': 0.35}",0.97062748670578,0.8119999766349792,56,60,16,16,9,1,45,20,10,0.0,0.35
0,"{'cnn_1_filters': 16, 'cnn_2_filters': 16, 'cnn_kernel': 5, 'amount_lstm': 1, 'lstm_1_units': 90, 'lstm_2_units': 30, 'lstm_3_units': 15, 'dropout': 0.0, 'dropout_recurrent': 0.35}",0.97062748670578,0.8240000009536743,36,38,16,16,5,1,90,30,15,0.0,0.35
0,"{'cnn_1_filters': 16, 'cnn_2_filters': 16, 'cnn_kernel': 5, 'amount_lstm': 1, 'lstm_1_units': 90, 'lstm_2_units': 30, 'lstm_3_units': 15, 'dropout': 0.35, 'dropout_recurrent': 0.35}",0.9038718342781067,0.7400000095367432,26,23,16,16,5,1,90,30,15,0.35,0.35
0,"{'cnn_1_filters': 16, 'cnn_2_filters': 16, 'cnn_kernel': 9, 'amount_lstm': 1, 'lstm_1_units': 45, 'lstm_2_units': 20, 'lstm_3_units': 10, 'dropout': 0.35, 'dropout_recurrent': 0.35}",0.9612817168235779,0.8199999928474426,61,64,16,16,9,1,45,20,10,0.35,0.35
0,"{'cnn_1_filters': 16, 'cnn_2_filters': 16, 'cnn_kernel': 9, 'amount_lstm': 2, 'lstm_1_units': 90, 'lstm_2_units': 30, 'lstm_3_units': 15, 'dropout': 0.0, 'dropout_recurrent': 0.35}",0.9412550330162048,0.7760000228881836,32,24,16,16,9,2,90,30,15,0.0,0.35
0,"{'cnn_1_filters': 16, 'cnn_2_filters': 16, 'cnn_kernel': 9, 'amount_lstm': 2, 'lstm_1_units': 90, 'lstm_2_units': 30, 'lstm_3_units': 15, 'dropout': 0.35, 'dropout_recurrent': 0.35}",0.9132176041603088,0.7760000228881836,28,26,16,16,9,2,90,30,15,0.35,0.35
0,"{'cnn_1_filters': 16, 'cnn_2_filters': 16, 'cnn_kernel': 9, 'amount_lstm': 2, 'lstm_1_units': 90, 'lstm_2_units': 30, 'lstm_3_units': 10, 'dropout': 0.0, 'dropout_recurrent': 0.35}",0.9559412598609924,0.8320000171661377,37,37,16,16,9,2,90,30,10,0.0,0.35
0,"{'cnn_1_filters': 16, 'cnn_2_filters': 16, 'cnn_kernel': 9, 'amount_lstm': 2, 'lstm_1_units': 90, 'lstm_2_units': 30, 'lstm_3_units': 10, 'dropout': 0.35, 'dropout_recurrent': 0.35}",0.9345794320106506,0.7720000147819519,37,33,16,16,9,2,90,30,10,0.35,0.35
0,"{'cnn_1_filters': 16, 'cnn_2_filters': 16, 'cnn_kernel': 9, 'amount_lstm': 2, 'lstm_1_units': 90, 'lstm_2_units': 20, 'lstm_3_units': 15, 'dropout': 0.0, 'dropout_recurrent': 0.35}",0.9906542301177979,0.828000009059906,65,59,16,16,9,2,90,20,15,0.0,0.35
0,"{'cnn_1_filters': 16, 'cnn_2_filters': 16, 'cnn_kernel': 9, 'amount_lstm': 2, 'lstm_1_units': 90, 'lstm_2_units': 20, 'lstm_3_units': 15, 'dropout': 0.35, 'dropout_recurrent': 0.35}",0.921228289604187,0.8080000281333923,36,26,16,16,9,2,90,20,15,0.35,0.35
0,"{'cnn_1_filters': 16, 'cnn_2_filters': 16, 'cnn_kernel': 9, 'amount_lstm': 2, 'lstm_1_units': 90, 'lstm_2_units': 20, 'lstm_3_units': 10, 'dropout': 0.0, 'dropout_recurrent': 0.35}",0.9759679436683655,0.8240000009536743,59,53,16,16,9,2,90,20,10,0.0,0.35
0,"{'cnn_1_filters': 16, 'cnn_2_filters': 16, 'cnn_kernel': 9, 'amount_lstm': 2, 'lstm_1_units': 90, 'lstm_2_units': 20, 'lstm_3_units': 10, 'dropout': 0.35, 'dropout_recurrent': 0.35}",0.8985313773155212,0.7760000228881836,36,26,16,16,9,2,90,20,10,0.35,0.35
0,"{'cnn_1_filters': 16, 'cnn_2_filters': 16, 'cnn_kernel': 9, 'amount_lstm': 2, 'lstm_1_units': 45, 'lstm_2_units': 30, 'lstm_3_units': 15, 'dropout': 0.0, 'dropout_recurrent': 0.35}",0.9746328592300415,0.8399999737739563,57,45,16,16,9,2,45,30,15,0.0,0.35
0,"{'cnn_1_filters': 16, 'cnn_2_filters': 16, 'cnn_kernel': 9, 'amount_lstm': 2, 'lstm_1_units': 45, 'lstm_2_units': 30, 'lstm_3_units': 15, 'dropout': 0.35, 'dropout_recurrent': 0.35}",0.9305741190910339,0.8080000281333923,47,48,16,16,9,2,45,30,15,0.35,0.35
0,"{'cnn_1_filters': 16, 'cnn_2_filters': 16, 'cnn_kernel': 9, 'amount_lstm': 2, 'lstm_1_units': 45, 'lstm_2_units': 30, 'lstm_3_units': 10, 'dropout': 0.0, 'dropout_recurrent': 0.35}",0.9626168012619019,0.8640000224113464,55,58,16,16,9,2,45,30,10,0.0,0.35
0,"{'cnn_1_filters': 16, 'cnn_2_filters': 16, 'cnn_kernel': 9, 'amount_lstm': 2, 'lstm_1_units': 45, 'lstm_2_units': 30, 'lstm_3_units': 10, 'dropout': 0.35, 'dropout_recurrent': 0.35}",0.9559412598609924,0.828000009059906,58,51,16,16,9,2,45,30,10,0.35,0.35
0,"{'cnn_1_filters': 16, 'cnn_2_filters': 16, 'cnn_kernel': 9, 'amount_lstm': 2, 'lstm_1_units': 45, 'lstm_2_units': 20, 'lstm_3_units': 15, 'dropout': 0.0, 'dropout_recurrent': 0.35}",0.951935887336731,0.8240000009536743,64,58,16,16,9,2,45,20,15,0.0,0.35
0,"{'cnn_1_filters': 16, 'cnn_2_filters': 16, 'cnn_kernel': 9, 'amount_lstm': 2, 'lstm_1_units': 45, 'lstm_2_units': 20, 'lstm_3_units': 15, 'dropout': 0.35, 'dropout_recurrent': 0.35}",0.8971962332725525,0.7760000228881836,41,39,16,16,9,2,45,20,15,0.35,0.35
0,"{'cnn_1_filters': 16, 'cnn_2_filters': 16, 'cnn_kernel': 9, 'amount_lstm': 2, 'lstm_1_units': 45, 'lstm_2_units': 20, 'lstm_3_units': 10, 'dropout': 0.0, 'dropout_recurrent': 0.35}",0.9185580611228943,0.7559999823570251,48,44,16,16,9,2,45,20,10,0.0,0.35
0,"{'cnn_1_filters': 16, 'cnn_2_filters': 16, 'cnn_kernel': 9, 'amount_lstm': 2, 'lstm_1_units': 45, 'lstm_2_units': 20, 'lstm_3_units': 10, 'dropout': 0.35, 'dropout_recurrent': 0.35}",0.9559412598609924,0.8040000200271606,67,65,16,16,9,2,45,20,10,0.35,0.35
0,"{'cnn_1_filters': 16, 'cnn_2_filters': 16, 'cnn_kernel': 9, 'amount_lstm': 3, 'lstm_1_units': 90, 'lstm_2_units': 30, 'lstm_3_units': 15, 'dropout': 0.0, 'dropout_recurrent': 0.35}",0.8651535511016846,0.7519999742507935,35,31,16,16,9,3,90,30,15,0.0,0.35
0,"{'cnn_1_filters': 16, 'cnn_2_filters': 16, 'cnn_kernel': 9, 'amount_lstm': 3, 'lstm_1_units': 90, 'lstm_2_units': 30, 'lstm_3_units': 15, 'dropout': 0.35, 'dropout_recurrent': 0.35}",0.9225634336471558,0.7879999876022339,55,45,16,16,9,3,90,30,15,0.35,0.35
0,"{'cnn_1_filters': 16, 'cnn_2_filters': 16, 'cnn_kernel': 9, 'amount_lstm': 3, 'lstm_1_units': 90, 'lstm_2_units': 30, 'lstm_3_units': 10, 'dropout': 0.0, 'dropout_recurrent': 0.35}",0.9773030877113342,0.8320000171661377,66,66,16,16,9,3,90,30,10,0.0,0.35
0,"{'cnn_1_filters': 16, 'cnn_2_filters': 16, 'cnn_kernel': 9, 'amount_lstm': 3, 'lstm_1_units': 90, 'lstm_2_units': 30, 'lstm_3_units': 10, 'dropout': 0.35, 'dropout_recurrent': 0.35}",0.9612817168235779,0.8119999766349792,67,62,16,16,9,3,90,30,10,0.35,0.35
0,"{'cnn_1_filters': 16, 'cnn_2_filters': 16, 'cnn_kernel': 9, 'amount_lstm': 3, 'lstm_1_units': 90, 'lstm_2_units': 20, 'lstm_3_units': 15, 'dropout': 0.0, 'dropout_recurrent': 0.35}",0.9319092035293579,0.7879999876022339,44,45,16,16,9,3,90,20,15,0.0,0.35
0,"{'cnn_1_filters': 16, 'cnn_2_filters': 16, 'cnn_kernel': 9, 'amount_lstm': 3, 'lstm_1_units': 90, 'lstm_2_units': 20, 'lstm_3_units': 15, 'dropout': 0.35, 'dropout_recurrent': 0.35}",0.871829092502594,0.7519999742507935,42,41,16,16,9,3,90,20,15,0.35,0.35
0,"{'cnn_1_filters': 16, 'cnn_2_filters': 16, 'cnn_kernel': 9, 'amount_lstm': 3, 'lstm_1_units': 90, 'lstm_2_units': 20, 'lstm_3_units': 10, 'dropout': 0.0, 'dropout_recurrent': 0.35}",0.9746328592300415,0.8399999737739563,76,82,16,16,9,3,90,20,10,0.0,0.35
0,"{'cnn_1_filters': 16, 'cnn_2_filters': 16, 'cnn_kernel': 9, 'amount_lstm': 3, 'lstm_1_units': 90, 'lstm_2_units': 20, 'lstm_3_units': 10, 'dropout': 0.35, 'dropout_recurrent': 0.35}",0.9425901174545288,0.7599999904632568,55,48,16,16,9,3,90,20,10,0.35,0.35
0,"{'cnn_1_filters': 16, 'cnn_2_filters': 16, 'cnn_kernel': 9, 'amount_lstm': 3, 'lstm_1_units': 45, 'lstm_2_units': 30, 'lstm_3_units': 15, 'dropout': 0.0, 'dropout_recurrent': 0.35}",0.8931909203529358,0.7680000066757202,41,30,16,16,9,3,45,30,15,0.0,0.35
0,"{'cnn_1_filters': 16, 'cnn_2_filters': 16, 'cnn_kernel': 9, 'amount_lstm': 3, 'lstm_1_units': 45, 'lstm_2_units': 30, 'lstm_3_units': 15, 'dropout': 0.35, 'dropout_recurrent': 0.35}",0.9412550330162048,0.8159999847412109,65,58,16,16,9,3,45,30,15,0.35,0.35
0,"{'cnn_1_filters': 16, 'cnn_2_filters': 16, 'cnn_kernel': 9, 'amount_lstm': 3, 'lstm_1_units': 45, 'lstm_2_units': 30, 'lstm_3_units': 10, 'dropout': 0.0, 'dropout_recurrent': 0.35}",0.8451268076896667,0.7239999771118164,46,38,16,16,9,3,45,30,10,0.0,0.35
0,"{'cnn_1_filters': 16, 'cnn_2_filters': 16, 'cnn_kernel': 9, 'amount_lstm': 3, 'lstm_1_units': 45, 'lstm_2_units': 30, 'lstm_3_units': 10, 'dropout': 0.35, 'dropout_recurrent': 0.35}",0.8624833226203918,0.7519999742507935,63,55,16,16,9,3,45,30,10,0.35,0.35
0,"{'cnn_1_filters': 16, 'cnn_2_filters': 16, 'cnn_kernel': 9, 'amount_lstm': 3, 'lstm_1_units': 45, 'lstm_2_units': 20, 'lstm_3_units': 15, 'dropout': 0.0, 'dropout_recurrent': 0.35}",0.8918558359146118,0.7639999985694885,41,34,16,16,9,3,45,20,15,0.0,0.35
0,"{'cnn_1_filters': 16, 'cnn_2_filters': 16, 'cnn_kernel': 9, 'amount_lstm': 3, 'lstm_1_units': 45, 'lstm_2_units': 20, 'lstm_3_units': 15, 'dropout': 0.35, 'dropout_recurrent': 0.35}",0.9439252614974976,0.8159999847412109,71,69,16,16,9,3,45,20,15,0.35,0.35
0,"{'cnn_1_filters': 16, 'cnn_2_filters': 16, 'cnn_kernel': 9, 'amount_lstm': 3, 'lstm_1_units': 45, 'lstm_2_units': 20, 'lstm_3_units': 10, 'dropout': 0.0, 'dropout_recurrent': 0.35}",0.9105473756790161,0.7960000038146973,57,57,16,16,9,3,45,20,10,0.0,0.35
0,"{'cnn_1_filters': 16, 'cnn_2_filters': 16, 'cnn_kernel': 9, 'amount_lstm': 3, 'lstm_1_units': 45, 'lstm_2_units': 20, 'lstm_3_units': 10, 'dropout': 0.35, 'dropout_recurrent': 0.35}",0.9305741190910339,0.8080000281333923,71,70,16,16,9,3,45,20,10,0.35,0.35
0,"{'cnn_1_filters': 16, 'cnn_2_filters': 8, 'cnn_kernel': 5, 'amount_lstm': 1, 'lstm_1_units': 90, 'lstm_2_units': 30, 'lstm_3_units': 15, 'dropout': 0.0, 'dropout_recurrent': 0.35}",0.950600802898407,0.8040000200271606,33,26,16,8,5,1,90,30,15,0.0,0.35
0,"{'cnn_1_filters': 16, 'cnn_2_filters': 8, 'cnn_kernel': 5, 'amount_lstm': 1, 'lstm_1_units': 90, 'lstm_2_units': 30, 'lstm_3_units': 15, 'dropout': 0.35, 'dropout_recurrent': 0.35}",0.9332443475723267,0.8040000200271606,40,37,16,8,5,1,90,30,15,0.35,0.35
0,"{'cnn_1_filters': 16, 'cnn_2_filters': 8, 'cnn_kernel': 5, 'amount_lstm': 1, 'lstm_1_units': 90, 'lstm_2_units': 30, 'lstm_3_units': 10, 'dropout': 0.0, 'dropout_recurrent': 0.35}",0.9399198889732361,0.7639999985694885,34,34,16,8,5,1,90,30,10,0.0,0.35
0,"{'cnn_1_filters': 16, 'cnn_2_filters': 8, 'cnn_kernel': 5, 'amount_lstm': 1, 'lstm_1_units': 90, 'lstm_2_units': 30, 'lstm_3_units': 10, 'dropout': 0.35, 'dropout_recurrent': 0.35}",0.9185580611228943,0.7639999985694885,33,32,16,8,5,1,90,30,10,0.35,0.35
0,"{'cnn_1_filters': 16, 'cnn_2_filters': 8, 'cnn_kernel': 5, 'amount_lstm': 1, 'lstm_1_units': 90, 'lstm_2_units': 20, 'lstm_3_units': 15, 'dropout': 0.0, 'dropout_recurrent': 0.35}",0.9238985180854797,0.7400000095367432,28,26,16,8,5,1,90,20,15,0.0,0.35
0,"{'cnn_1_filters': 16, 'cnn_2_filters': 8, 'cnn_kernel': 5, 'amount_lstm': 1, 'lstm_1_units': 90, 'lstm_2_units': 20, 'lstm_3_units': 15, 'dropout': 0.35, 'dropout_recurrent': 0.35}",0.9332443475723267,0.7639999985694885,40,38,16,8,5,1,90,20,15,0.35,0.35
0,"{'cnn_1_filters': 16, 'cnn_2_filters': 8, 'cnn_kernel': 5, 'amount_lstm': 1, 'lstm_1_units': 90, 'lstm_2_units': 20, 'lstm_3_units': 10, 'dropout': 0.0, 'dropout_recurrent': 0.35}",0.921228289604187,0.7559999823570251,32,25,16,8,5,1,90,20,10,0.0,0.35
0,"{'cnn_1_filters': 16, 'cnn_2_filters': 8, 'cnn_kernel': 5, 'amount_lstm': 1, 'lstm_1_units': 90, 'lstm_2_units': 20, 'lstm_3_units': 10, 'dropout': 0.35, 'dropout_recurrent': 0.35}",0.9572763442993164,0.7680000066757202,36,27,16,8,5,1,90,20,10,0.35,0.35
0,"{'cnn_1_filters': 16, 'cnn_2_filters': 8, 'cnn_kernel': 5, 'amount_lstm': 1, 'lstm_1_units': 45, 'lstm_2_units': 30, 'lstm_3_units': 15, 'dropout': 0.0, 'dropout_recurrent': 0.35}",0.9546061158180237,0.7680000066757202,54,52,16,8,5,1,45,30,15,0.0,0.35
0,"{'cnn_1_filters': 16, 'cnn_2_filters': 8, 'cnn_kernel': 5, 'amount_lstm': 1, 'lstm_1_units': 45, 'lstm_2_units': 30, 'lstm_3_units': 15, 'dropout': 0.35, 'dropout_recurrent': 0.35}",0.921228289604187,0.800000011920929,50,45,16,8,5,1,45,30,15,0.35,0.35
0,"{'cnn_1_filters': 16, 'cnn_2_filters': 8, 'cnn_kernel': 5, 'amount_lstm': 1, 'lstm_1_units': 45, 'lstm_2_units': 30, 'lstm_3_units': 10, 'dropout': 0.0, 'dropout_recurrent': 0.35}",0.9439252614974976,0.7760000228881836,55,54,16,8,5,1,45,30,10,0.0,0.35
0,"{'cnn_1_filters': 16, 'cnn_2_filters': 8, 'cnn_kernel': 5, 'amount_lstm': 1, 'lstm_1_units': 45, 'lstm_2_units': 30, 'lstm_3_units': 10, 'dropout': 0.35, 'dropout_recurrent': 0.35}",0.9118825197219849,0.7639999985694885,40,42,16,8,5,1,45,30,10,0.35,0.35
0,"{'cnn_1_filters': 16, 'cnn_2_filters': 8, 'cnn_kernel': 5, 'amount_lstm': 1, 'lstm_1_units': 45, 'lstm_2_units': 20, 'lstm_3_units': 15, 'dropout': 0.0, 'dropout_recurrent': 0.35}",0.9559412598609924,0.800000011920929,61,60,16,8,5,1,45,20,15,0.0,0.35
0,"{'cnn_1_filters': 16, 'cnn_2_filters': 8, 'cnn_kernel': 5, 'amount_lstm': 1, 'lstm_1_units': 45, 'lstm_2_units': 20, 'lstm_3_units': 15, 'dropout': 0.35, 'dropout_recurrent': 0.35}",0.9399198889732361,0.7720000147819519,51,54,16,8,5,1,45,20,15,0.35,0.35
0,"{'cnn_1_filters': 16, 'cnn_2_filters': 8, 'cnn_kernel': 5, 'amount_lstm': 1, 'lstm_1_units': 45, 'lstm_2_units': 20, 'lstm_3_units': 10, 'dropout': 0.0, 'dropout_recurrent': 0.35}",0.9492656588554382,0.7839999794960022,48,49,16,8,5,1,45,20,10,0.0,0.35
0,"{'cnn_1_filters': 16, 'cnn_2_filters': 8, 'cnn_kernel': 5, 'amount_lstm': 1, 'lstm_1_units': 45, 'lstm_2_units': 20, 'lstm_3_units': 10, 'dropout': 0.35, 'dropout_recurrent': 0.35}",0.9265687465667725,0.7480000257492065,53,56,16,8,5,1,45,20,10,0.35,0.35
0,"{'cnn_1_filters': 16, 'cnn_2_filters': 8, 'cnn_kernel': 5, 'amount_lstm': 2, 'lstm_1_units': 90, 'lstm_2_units': 30, 'lstm_3_units': 15, 'dropout': 0.0, 'dropout_recurrent': 0.35}",0.9185580611228943,0.7480000257492065,32,27,16,8,5,2,90,30,15,0.0,0.35
0,"{'cnn_1_filters': 16, 'cnn_2_filters': 8, 'cnn_kernel': 5, 'amount_lstm': 2, 'lstm_1_units': 90, 'lstm_2_units': 30, 'lstm_3_units': 15, 'dropout': 0.35, 'dropout_recurrent': 0.35}",0.8971962332725525,0.800000011920929,37,37,16,8,5,2,90,30,15,0.35,0.35
0,"{'cnn_1_filters': 16, 'cnn_2_filters': 8, 'cnn_kernel': 5, 'amount_lstm': 2, 'lstm_1_units': 90, 'lstm_2_units': 30, 'lstm_3_units': 10, 'dropout': 0.0, 'dropout_recurrent': 0.35}",0.9853137731552124,0.8080000281333923,52,52,16,8,5,2,90,30,10,0.0,0.35
0,"{'cnn_1_filters': 16, 'cnn_2_filters': 8, 'cnn_kernel': 5, 'amount_lstm': 2, 'lstm_1_units': 90, 'lstm_2_units': 30, 'lstm_3_units': 10, 'dropout': 0.35, 'dropout_recurrent': 0.35}",0.8985313773155212,0.7680000066757202,39,38,16,8,5,2,90,30,10,0.35,0.35
0,"{'cnn_1_filters': 16, 'cnn_2_filters': 8, 'cnn_kernel': 5, 'amount_lstm': 2, 'lstm_1_units': 90, 'lstm_2_units': 20, 'lstm_3_units': 15, 'dropout': 0.0, 'dropout_recurrent': 0.35}",0.9599465727806091,0.828000009059906,44,44,16,8,5,2,90,20,15,0.0,0.35
0,"{'cnn_1_filters': 16, 'cnn_2_filters': 8, 'cnn_kernel': 5, 'amount_lstm': 2, 'lstm_1_units': 90, 'lstm_2_units': 20, 'lstm_3_units': 15, 'dropout': 0.35, 'dropout_recurrent': 0.35}",0.9412550330162048,0.8080000281333923,57,58,16,8,5,2,90,20,15,0.35,0.35
0,"{'cnn_1_filters': 16, 'cnn_2_filters': 8, 'cnn_kernel': 5, 'amount_lstm': 2, 'lstm_1_units': 90, 'lstm_2_units': 20, 'lstm_3_units': 10, 'dropout': 0.0, 'dropout_recurrent': 0.35}",0.9826435446739197,0.8159999847412109,68,70,16,8,5,2,90,20,10,0.0,0.35
0,"{'cnn_1_filters': 16, 'cnn_2_filters': 8, 'cnn_kernel': 5, 'amount_lstm': 2, 'lstm_1_units': 90, 'lstm_2_units': 20, 'lstm_3_units': 10, 'dropout': 0.35, 'dropout_recurrent': 0.35}",0.9332443475723267,0.7639999985694885,62,54,16,8,5,2,90,20,10,0.35,0.35
0,"{'cnn_1_filters': 16, 'cnn_2_filters': 8, 'cnn_kernel': 5, 'amount_lstm': 2, 'lstm_1_units': 45, 'lstm_2_units': 30, 'lstm_3_units': 15, 'dropout': 0.0, 'dropout_recurrent': 0.35}",0.9492656588554382,0.8080000281333923,54,57,16,8,5,2,45,30,15,0.0,0.35
0,"{'cnn_1_filters': 16, 'cnn_2_filters': 8, 'cnn_kernel': 5, 'amount_lstm': 2, 'lstm_1_units': 45, 'lstm_2_units': 30, 'lstm_3_units': 15, 'dropout': 0.35, 'dropout_recurrent': 0.35}",0.9158878326416016,0.7720000147819519,53,53,16,8,5,2,45,30,15,0.35,0.35
0,"{'cnn_1_filters': 16, 'cnn_2_filters': 8, 'cnn_kernel': 5, 'amount_lstm': 2, 'lstm_1_units': 45, 'lstm_2_units': 30, 'lstm_3_units': 10, 'dropout': 0.0, 'dropout_recurrent': 0.35}",0.9385848045349121,0.7919999957084656,44,39,16,8,5,2,45,30,10,0.0,0.35
0,"{'cnn_1_filters': 16, 'cnn_2_filters': 8, 'cnn_kernel': 5, 'amount_lstm': 2, 'lstm_1_units': 45, 'lstm_2_units': 30, 'lstm_3_units': 10, 'dropout': 0.35, 'dropout_recurrent': 0.35}",0.9118825197219849,0.7680000066757202,50,42,16,8,5,2,45,30,10,0.35,0.35
0,"{'cnn_1_filters': 16, 'cnn_2_filters': 8, 'cnn_kernel': 5, 'amount_lstm': 2, 'lstm_1_units': 45, 'lstm_2_units': 20, 'lstm_3_units': 15, 'dropout': 0.0, 'dropout_recurrent': 0.35}",0.9038718342781067,0.7360000014305115,36,31,16,8,5,2,45,20,15,0.0,0.35
0,"{'cnn_1_filters': 16, 'cnn_2_filters': 8, 'cnn_kernel': 5, 'amount_lstm': 2, 'lstm_1_units': 45, 'lstm_2_units': 20, 'lstm_3_units': 15, 'dropout': 0.35, 'dropout_recurrent': 0.35}",0.8998664617538452,0.7720000147819519,56,51,16,8,5,2,45,20,15,0.35,0.35
0,"{'cnn_1_filters': 16, 'cnn_2_filters': 8, 'cnn_kernel': 5, 'amount_lstm': 2, 'lstm_1_units': 45, 'lstm_2_units': 20, 'lstm_3_units': 10, 'dropout': 0.0, 'dropout_recurrent': 0.35}",0.9092122912406921,0.7519999742507935,43,38,16,8,5,2,45,20,10,0.0,0.35
0,"{'cnn_1_filters': 16, 'cnn_2_filters': 8, 'cnn_kernel': 5, 'amount_lstm': 2, 'lstm_1_units': 45, 'lstm_2_units': 20, 'lstm_3_units': 10, 'dropout': 0.35, 'dropout_recurrent': 0.35}",0.8851802349090576,0.7680000066757202,54,49,16,8,5,2,45,20,10,0.35,0.35
0,"{'cnn_1_filters': 16, 'cnn_2_filters': 8, 'cnn_kernel': 5, 'amount_lstm': 3, 'lstm_1_units': 90, 'lstm_2_units': 30, 'lstm_3_units': 15, 'dropout': 0.0, 'dropout_recurrent': 0.35}",0.919893205165863,0.8119999766349792,48,43,16,8,5,3,90,30,15,0.0,0.35
0,"{'cnn_1_filters': 16, 'cnn_2_filters': 8, 'cnn_kernel': 5, 'amount_lstm': 3, 'lstm_1_units': 90, 'lstm_2_units': 30, 'lstm_3_units': 15, 'dropout': 0.35, 'dropout_recurrent': 0.35}",0.9145527482032776,0.7879999876022339,47,46,16,8,5,3,90,30,15,0.35,0.35
0,"{'cnn_1_filters': 16, 'cnn_2_filters': 8, 'cnn_kernel': 5, 'amount_lstm': 3, 'lstm_1_units': 90, 'lstm_2_units': 30, 'lstm_3_units': 10, 'dropout': 0.0, 'dropout_recurrent': 0.35}",0.9132176041603088,0.7799999713897705,50,45,16,8,5,3,90,30,10,0.0,0.35
0,"{'cnn_1_filters': 16, 'cnn_2_filters': 8, 'cnn_kernel': 5, 'amount_lstm': 3, 'lstm_1_units': 90, 'lstm_2_units': 30, 'lstm_3_units': 10, 'dropout': 0.35, 'dropout_recurrent': 0.35}",0.9319092035293579,0.8320000171661377,65,61,16,8,5,3,90,30,10,0.35,0.35
0,"{'cnn_1_filters': 16, 'cnn_2_filters': 8, 'cnn_kernel': 5, 'amount_lstm': 3, 'lstm_1_units': 90, 'lstm_2_units': 20, 'lstm_3_units': 15, 'dropout': 0.0, 'dropout_recurrent': 0.35}",0.8945260643959045,0.7239999771118164,56,51,16,8,5,3,90,20,15,0.0,0.35
0,"{'cnn_1_filters': 16, 'cnn_2_filters': 8, 'cnn_kernel': 5, 'amount_lstm': 3, 'lstm_1_units': 90, 'lstm_2_units': 20, 'lstm_3_units': 15, 'dropout': 0.35, 'dropout_recurrent': 0.35}",0.9345794320106506,0.8159999847412109,77,71,16,8,5,3,90,20,15,0.35,0.35
0,"{'cnn_1_filters': 16, 'cnn_2_filters': 8, 'cnn_kernel': 5, 'amount_lstm': 3, 'lstm_1_units': 90, 'lstm_2_units': 20, 'lstm_3_units': 10, 'dropout': 0.0, 'dropout_recurrent': 0.35}",0.950600802898407,0.7760000228881836,61,61,16,8,5,3,90,20,10,0.0,0.35
0,"{'cnn_1_filters': 16, 'cnn_2_filters': 8, 'cnn_kernel': 5, 'amount_lstm': 3, 'lstm_1_units': 90, 'lstm_2_units': 20, 'lstm_3_units': 10, 'dropout': 0.35, 'dropout_recurrent': 0.35}",0.8838451504707336,0.7599999904632568,65,53,16,8,5,3,90,20,10,0.35,0.35
0,"{'cnn_1_filters': 16, 'cnn_2_filters': 8, 'cnn_kernel': 5, 'amount_lstm': 3, 'lstm_1_units': 45, 'lstm_2_units': 30, 'lstm_3_units': 15, 'dropout': 0.0, 'dropout_recurrent': 0.35}",0.8371161818504333,0.7080000042915344,39,35,16,8,5,3,45,30,15,0.0,0.35
0,"{'cnn_1_filters': 16, 'cnn_2_filters': 8, 'cnn_kernel': 5, 'amount_lstm': 3, 'lstm_1_units': 45, 'lstm_2_units': 30, 'lstm_3_units': 15, 'dropout': 0.35, 'dropout_recurrent': 0.35}",0.9305741190910339,0.7839999794960022,66,62,16,8,5,3,45,30,15,0.35,0.35
0,"{'cnn_1_filters': 16, 'cnn_2_filters': 8, 'cnn_kernel': 5, 'amount_lstm': 3, 'lstm_1_units': 45, 'lstm_2_units': 30, 'lstm_3_units': 10, 'dropout': 0.0, 'dropout_recurrent': 0.35}",0.9279038906097412,0.7760000228881836,64,53,16,8,5,3,45,30,10,0.0,0.35
0,"{'cnn_1_filters': 16, 'cnn_2_filters': 8, 'cnn_kernel': 5, 'amount_lstm': 3, 'lstm_1_units': 45, 'lstm_2_units': 30, 'lstm_3_units': 10, 'dropout': 0.35, 'dropout_recurrent': 0.35}",0.8064085245132446,0.7200000286102295,52,49,16,8,5,3,45,30,10,0.35,0.35
0,"{'cnn_1_filters': 16, 'cnn_2_filters': 8, 'cnn_kernel': 5, 'amount_lstm': 3, 'lstm_1_units': 45, 'lstm_2_units': 20, 'lstm_3_units': 15, 'dropout': 0.0, 'dropout_recurrent': 0.35}",0.9145527482032776,0.7559999823570251,56,55,16,8,5,3,45,20,15,0.0,0.35
0,"{'cnn_1_filters': 16, 'cnn_2_filters': 8, 'cnn_kernel': 5, 'amount_lstm': 3, 'lstm_1_units': 45, 'lstm_2_units': 20, 'lstm_3_units': 15, 'dropout': 0.35, 'dropout_recurrent': 0.35}",0.8157543540000916,0.6959999799728394,54,55,16,8,5,3,45,20,15,0.35,0.35
0,"{'cnn_1_filters': 16, 'cnn_2_filters': 8, 'cnn_kernel': 5, 'amount_lstm': 3, 'lstm_1_units': 45, 'lstm_2_units': 20, 'lstm_3_units': 10, 'dropout': 0.0, 'dropout_recurrent': 0.35}",0.8771695494651794,0.7599999904632568,69,69,16,8,5,3,45,20,10,0.0,0.35
0,"{'cnn_1_filters': 16, 'cnn_2_filters': 8, 'cnn_kernel': 5, 'amount_lstm': 3, 'lstm_1_units': 45, 'lstm_2_units': 20, 'lstm_3_units': 10, 'dropout': 0.35, 'dropout_recurrent': 0.35}",0.9185580611228943,0.8159999847412109,89,81,16,8,5,3,45,20,10,0.35,0.35
0,"{'cnn_1_filters': 16, 'cnn_2_filters': 8, 'cnn_kernel': 9, 'amount_lstm': 1, 'lstm_1_units': 90, 'lstm_2_units': 30, 'lstm_3_units': 15, 'dropout': 0.0, 'dropout_recurrent': 0.35}",0.9572763442993164,0.7559999823570251,37,32,16,8,9,1,90,30,15,0.0,0.35
0,"{'cnn_1_filters': 16, 'cnn_2_filters': 8, 'cnn_kernel': 9, 'amount_lstm': 1, 'lstm_1_units': 90, 'lstm_2_units': 30, 'lstm_3_units': 15, 'dropout': 0.35, 'dropout_recurrent': 0.35}",0.9465954899787903,0.7839999794960022,40,40,16,8,9,1,90,30,15,0.35,0.35
0,"{'cnn_1_filters': 16, 'cnn_2_filters': 8, 'cnn_kernel': 9, 'amount_lstm': 1, 'lstm_1_units': 90, 'lstm_2_units': 30, 'lstm_3_units': 10, 'dropout': 0.0, 'dropout_recurrent': 0.35}",0.9532710313796997,0.7519999742507935,44,39,16,8,9,1,90,30,10,0.0,0.35
0,"{'cnn_1_filters': 16, 'cnn_2_filters': 8, 'cnn_kernel': 9, 'amount_lstm': 1, 'lstm_1_units': 90, 'lstm_2_units': 30, 'lstm_3_units': 10, 'dropout': 0.35, 'dropout_recurrent': 0.35}",0.9305741190910339,0.7599999904632568,34,33,16,8,9,1,90,30,10,0.35,0.35
0,"{'cnn_1_filters': 16, 'cnn_2_filters': 8, 'cnn_kernel': 9, 'amount_lstm': 1, 'lstm_1_units': 90, 'lstm_2_units': 20, 'lstm_3_units': 15, 'dropout': 0.0, 'dropout_recurrent': 0.35}",0.950600802898407,0.7519999742507935,37,30,16,8,9,1,90,20,15,0.0,0.35
0,"{'cnn_1_filters': 16, 'cnn_2_filters': 8, 'cnn_kernel': 9, 'amount_lstm': 1, 'lstm_1_units': 90, 'lstm_2_units': 20, 'lstm_3_units': 15, 'dropout': 0.35, 'dropout_recurrent': 0.35}",0.9773030877113342,0.7960000038146973,59,46,16,8,9,1,90,20,15,0.35,0.35
0,"{'cnn_1_filters': 16, 'cnn_2_filters': 8, 'cnn_kernel': 9, 'amount_lstm': 1, 'lstm_1_units': 90, 'lstm_2_units': 20, 'lstm_3_units': 10, 'dropout': 0.0, 'dropout_recurrent': 0.35}",0.969292402267456,0.7879999876022339,40,32,16,8,9,1,90,20,10,0.0,0.35
0,"{'cnn_1_filters': 16, 'cnn_2_filters': 8, 'cnn_kernel': 9, 'amount_lstm': 1, 'lstm_1_units': 90, 'lstm_2_units': 20, 'lstm_3_units': 10, 'dropout': 0.35, 'dropout_recurrent': 0.35}",0.9332443475723267,0.7519999742507935,37,36,16,8,9,1,90,20,10,0.35,0.35
0,"{'cnn_1_filters': 16, 'cnn_2_filters': 8, 'cnn_kernel': 9, 'amount_lstm': 1, 'lstm_1_units': 45, 'lstm_2_units': 30, 'lstm_3_units': 15, 'dropout': 0.0, 'dropout_recurrent': 0.35}",0.9452603459358215,0.7480000257492065,69,67,16,8,9,1,45,30,15,0.0,0.35
0,"{'cnn_1_filters': 16, 'cnn_2_filters': 8, 'cnn_kernel': 9, 'amount_lstm': 1, 'lstm_1_units': 45, 'lstm_2_units': 30, 'lstm_3_units': 15, 'dropout': 0.35, 'dropout_recurrent': 0.35}",0.9612817168235779,0.8119999766349792,64,57,16,8,9,1,45,30,15,0.35,0.35
0,"{'cnn_1_filters': 16, 'cnn_2_filters': 8, 'cnn_kernel': 9, 'amount_lstm': 1, 'lstm_1_units': 45, 'lstm_2_units': 30, 'lstm_3_units': 10, 'dropout': 0.0, 'dropout_recurrent': 0.35}",0.9586114883422852,0.7720000147819519,50,50,16,8,9,1,45,30,10,0.0,0.35
0,"{'cnn_1_filters': 16, 'cnn_2_filters': 8, 'cnn_kernel': 9, 'amount_lstm': 1, 'lstm_1_units': 45, 'lstm_2_units': 30, 'lstm_3_units': 10, 'dropout': 0.35, 'dropout_recurrent': 0.35}",0.9145527482032776,0.7599999904632568,47,47,16,8,9,1,45,30,10,0.35,0.35
0,"{'cnn_1_filters': 16, 'cnn_2_filters': 8, 'cnn_kernel': 9, 'amount_lstm': 1, 'lstm_1_units': 45, 'lstm_2_units': 20, 'lstm_3_units': 15, 'dropout': 0.0, 'dropout_recurrent': 0.35}",0.9172229766845703,0.7480000257492065,36,34,16,8,9,1,45,20,15,0.0,0.35
0,"{'cnn_1_filters': 16, 'cnn_2_filters': 8, 'cnn_kernel': 9, 'amount_lstm': 1, 'lstm_1_units': 45, 'lstm_2_units': 20, 'lstm_3_units': 15, 'dropout': 0.35, 'dropout_recurrent': 0.35}",0.950600802898407,0.8159999847412109,57,50,16,8,9,1,45,20,15,0.35,0.35
0,"{'cnn_1_filters': 16, 'cnn_2_filters': 8, 'cnn_kernel': 9, 'amount_lstm': 1, 'lstm_1_units': 45, 'lstm_2_units': 20, 'lstm_3_units': 10, 'dropout': 0.0, 'dropout_recurrent': 0.35}",0.921228289604187,0.7799999713897705,55,56,16,8,9,1,45,20,10,0.0,0.35
0,"{'cnn_1_filters': 16, 'cnn_2_filters': 8, 'cnn_kernel': 9, 'amount_lstm': 1, 'lstm_1_units': 45, 'lstm_2_units': 20, 'lstm_3_units': 10, 'dropout': 0.35, 'dropout_recurrent': 0.35}",0.9132176041603088,0.7919999957084656,50,43,16,8,9,1,45,20,10,0.35,0.35
0,"{'cnn_1_filters': 16, 'cnn_2_filters': 8, 'cnn_kernel': 9, 'amount_lstm': 2, 'lstm_1_units': 90, 'lstm_2_units': 30, 'lstm_3_units': 15, 'dropout': 0.0, 'dropout_recurrent': 0.35}",0.9586114883422852,0.7760000228881836,35,34,16,8,9,2,90,30,15,0.0,0.35
0,"{'cnn_1_filters': 16, 'cnn_2_filters': 8, 'cnn_kernel': 9, 'amount_lstm': 2, 'lstm_1_units': 90, 'lstm_2_units': 30, 'lstm_3_units': 15, 'dropout': 0.35, 'dropout_recurrent': 0.35}",0.921228289604187,0.8119999766349792,40,39,16,8,9,2,90,30,15,0.35,0.35
0,"{'cnn_1_filters': 16, 'cnn_2_filters': 8, 'cnn_kernel': 9, 'amount_lstm': 2, 'lstm_1_units': 90, 'lstm_2_units': 30, 'lstm_3_units': 10, 'dropout': 0.0, 'dropout_recurrent': 0.35}",0.950600802898407,0.7760000228881836,38,38,16,8,9,2,90,30,10,0.0,0.35
0,"{'cnn_1_filters': 16, 'cnn_2_filters': 8, 'cnn_kernel': 9, 'amount_lstm': 2, 'lstm_1_units': 90, 'lstm_2_units': 30, 'lstm_3_units': 10, 'dropout': 0.35, 'dropout_recurrent': 0.35}",0.9719626307487488,0.843999981880188,71,59,16,8,9,2,90,30,10,0.35,0.35
0,"{'cnn_1_filters': 16, 'cnn_2_filters': 8, 'cnn_kernel': 9, 'amount_lstm': 2, 'lstm_1_units': 90, 'lstm_2_units': 20, 'lstm_3_units': 15, 'dropout': 0.0, 'dropout_recurrent': 0.35}",0.9305741190910339,0.7839999794960022,46,43,16,8,9,2,90,20,15,0.0,0.35
0,"{'cnn_1_filters': 16, 'cnn_2_filters': 8, 'cnn_kernel': 9, 'amount_lstm': 2, 'lstm_1_units': 90, 'lstm_2_units': 20, 'lstm_3_units': 15, 'dropout': 0.35, 'dropout_recurrent': 0.35}",0.9105473756790161,0.7720000147819519,48,49,16,8,9,2,90,20,15,0.35,0.35
0,"{'cnn_1_filters': 16, 'cnn_2_filters': 8, 'cnn_kernel': 9, 'amount_lstm': 2, 'lstm_1_units': 90, 'lstm_2_units': 20, 'lstm_3_units': 10, 'dropout': 0.0, 'dropout_recurrent': 0.35}",0.9652870297431946,0.828000009059906,59,51,16,8,9,2,90,20,10,0.0,0.35
0,"{'cnn_1_filters': 16, 'cnn_2_filters': 8, 'cnn_kernel': 9, 'amount_lstm': 2, 'lstm_1_units': 90, 'lstm_2_units': 20, 'lstm_3_units': 10, 'dropout': 0.35, 'dropout_recurrent': 0.35}",0.9479305744171143,0.8320000171661377,59,52,16,8,9,2,90,20,10,0.35,0.35
0,"{'cnn_1_filters': 16, 'cnn_2_filters': 8, 'cnn_kernel': 9, 'amount_lstm': 2, 'lstm_1_units': 45, 'lstm_2_units': 30, 'lstm_3_units': 15, 'dropout': 0.0, 'dropout_recurrent': 0.35}",0.9813084006309509,0.843999981880188,67,62,16,8,9,2,45,30,15,0.0,0.35
0,"{'cnn_1_filters': 16, 'cnn_2_filters': 8, 'cnn_kernel': 9, 'amount_lstm': 2, 'lstm_1_units': 45, 'lstm_2_units': 30, 'lstm_3_units': 15, 'dropout': 0.35, 'dropout_recurrent': 0.35}",0.9319092035293579,0.7680000066757202,53,40,16,8,9,2,45,30,15,0.35,0.35
0,"{'cnn_1_filters': 16, 'cnn_2_filters': 8, 'cnn_kernel': 9, 'amount_lstm': 2, 'lstm_1_units': 45, 'lstm_2_units': 30, 'lstm_3_units': 10, 'dropout': 0.0, 'dropout_recurrent': 0.35}",0.9532710313796997,0.7559999823570251,46,45,16,8,9,2,45,30,10,0.0,0.35
0,"{'cnn_1_filters': 16, 'cnn_2_filters': 8, 'cnn_kernel': 9, 'amount_lstm': 2, 'lstm_1_units': 45, 'lstm_2_units': 30, 'lstm_3_units': 10, 'dropout': 0.35, 'dropout_recurrent': 0.35}",0.9639519453048706,0.8399999737739563,80,92,16,8,9,2,45,30,10,0.35,0.35
0,"{'cnn_1_filters': 16, 'cnn_2_filters': 8, 'cnn_kernel': 9, 'amount_lstm': 2, 'lstm_1_units': 45, 'lstm_2_units': 20, 'lstm_3_units': 15, 'dropout': 0.0, 'dropout_recurrent': 0.35}",0.9465954899787903,0.7839999794960022,56,58,16,8,9,2,45,20,15,0.0,0.35
0,"{'cnn_1_filters': 16, 'cnn_2_filters': 8, 'cnn_kernel': 9, 'amount_lstm': 2, 'lstm_1_units': 45, 'lstm_2_units': 20, 'lstm_3_units': 15, 'dropout': 0.35, 'dropout_recurrent': 0.35}",0.919893205165863,0.8119999766349792,59,44,16,8,9,2,45,20,15,0.35,0.35
0,"{'cnn_1_filters': 16, 'cnn_2_filters': 8, 'cnn_kernel': 9, 'amount_lstm': 2, 'lstm_1_units': 45, 'lstm_2_units': 20, 'lstm_3_units': 10, 'dropout': 0.0, 'dropout_recurrent': 0.35}",0.9612817168235779,0.8199999928474426,56,42,16,8,9,2,45,20,10,0.0,0.35
0,"{'cnn_1_filters': 16, 'cnn_2_filters': 8, 'cnn_kernel': 9, 'amount_lstm': 2, 'lstm_1_units': 45, 'lstm_2_units': 20, 'lstm_3_units': 10, 'dropout': 0.35, 'dropout_recurrent': 0.35}",0.9679572582244873,0.8080000281333923,92,91,16,8,9,2,45,20,10,0.35,0.35
0,"{'cnn_1_filters': 16, 'cnn_2_filters': 8, 'cnn_kernel': 9, 'amount_lstm': 3, 'lstm_1_units': 90, 'lstm_2_units': 30, 'lstm_3_units': 15, 'dropout': 0.0, 'dropout_recurrent': 0.35}",0.9666221737861633,0.8519999980926514,58,55,16,8,9,3,90,30,15,0.0,0.35
0,"{'cnn_1_filters': 16, 'cnn_2_filters': 8, 'cnn_kernel': 9, 'amount_lstm': 3, 'lstm_1_units': 90, 'lstm_2_units': 30, 'lstm_3_units': 15, 'dropout': 0.35, 'dropout_recurrent': 0.35}",0.9546061158180237,0.8159999847412109,90,83,16,8,9,3,90,30,15,0.35,0.35
0,"{'cnn_1_filters': 16, 'cnn_2_filters': 8, 'cnn_kernel': 9, 'amount_lstm': 3, 'lstm_1_units': 90, 'lstm_2_units': 30, 'lstm_3_units': 10, 'dropout': 0.0, 'dropout_recurrent': 0.35}",0.9038718342781067,0.7639999985694885,43,35,16,8,9,3,90,30,10,0.0,0.35
0,"{'cnn_1_filters': 16, 'cnn_2_filters': 8, 'cnn_kernel': 9, 'amount_lstm': 3, 'lstm_1_units': 90, 'lstm_2_units': 30, 'lstm_3_units': 10, 'dropout': 0.35, 'dropout_recurrent': 0.35}",0.9065420627593994,0.7879999876022339,81,78,16,8,9,3,90,30,10,0.35,0.35
0,"{'cnn_1_filters': 16, 'cnn_2_filters': 8, 'cnn_kernel': 9, 'amount_lstm': 3, 'lstm_1_units': 90, 'lstm_2_units': 20, 'lstm_3_units': 15, 'dropout': 0.0, 'dropout_recurrent': 0.35}",0.9279038906097412,0.800000011920929,41,44,16,8,9,3,90,20,15,0.0,0.35
0,"{'cnn_1_filters': 16, 'cnn_2_filters': 8, 'cnn_kernel': 9, 'amount_lstm': 3, 'lstm_1_units': 90, 'lstm_2_units': 20, 'lstm_3_units': 15, 'dropout': 0.35, 'dropout_recurrent': 0.35}",0.9092122912406921,0.8199999928474426,57,56,16,8,9,3,90,20,15,0.35,0.35
0,"{'cnn_1_filters': 16, 'cnn_2_filters': 8, 'cnn_kernel': 9, 'amount_lstm': 3, 'lstm_1_units': 90, 'lstm_2_units': 20, 'lstm_3_units': 10, 'dropout': 0.0, 'dropout_recurrent': 0.35}",0.9652870297431946,0.7919999957084656,63,55,16,8,9,3,90,20,10,0.0,0.35
0,"{'cnn_1_filters': 16, 'cnn_2_filters': 8, 'cnn_kernel': 9, 'amount_lstm': 3, 'lstm_1_units': 90, 'lstm_2_units': 20, 'lstm_3_units': 10, 'dropout': 0.35, 'dropout_recurrent': 0.35}",0.8638184070587158,0.7559999823570251,71,65,16,8,9,3,90,20,10,0.35,0.35
0,"{'cnn_1_filters': 16, 'cnn_2_filters': 8, 'cnn_kernel': 9, 'amount_lstm': 3, 'lstm_1_units': 45, 'lstm_2_units': 30, 'lstm_3_units': 15, 'dropout': 0.0, 'dropout_recurrent': 0.35}",0.9319092035293579,0.7799999713897705,54,47,16,8,9,3,45,30,15,0.0,0.35
0,"{'cnn_1_filters': 16, 'cnn_2_filters': 8, 'cnn_kernel': 9, 'amount_lstm': 3, 'lstm_1_units': 45, 'lstm_2_units': 30, 'lstm_3_units': 15, 'dropout': 0.35, 'dropout_recurrent': 0.35}",0.9118825197219849,0.800000011920929,63,64,16,8,9,3,45,30,15,0.35,0.35
0,"{'cnn_1_filters': 16, 'cnn_2_filters': 8, 'cnn_kernel': 9, 'amount_lstm': 3, 'lstm_1_units': 45, 'lstm_2_units': 30, 'lstm_3_units': 10, 'dropout': 0.0, 'dropout_recurrent': 0.35}",0.822429895401001,0.6840000152587891,47,43,16,8,9,3,45,30,10,0.0,0.35
0,"{'cnn_1_filters': 16, 'cnn_2_filters': 8, 'cnn_kernel': 9, 'amount_lstm': 3, 'lstm_1_units': 45, 'lstm_2_units': 30, 'lstm_3_units': 10, 'dropout': 0.35, 'dropout_recurrent': 0.35}",0.9305741190910339,0.8199999928474426,72,58,16,8,9,3,45,30,10,0.35,0.35
0,"{'cnn_1_filters': 16, 'cnn_2_filters': 8, 'cnn_kernel': 9, 'amount_lstm': 3, 'lstm_1_units': 45, 'lstm_2_units': 20, 'lstm_3_units': 15, 'dropout': 0.0, 'dropout_recurrent': 0.35}",0.969292402267456,0.828000009059906,83,83,16,8,9,3,45,20,15,0.0,0.35
0,"{'cnn_1_filters': 16, 'cnn_2_filters': 8, 'cnn_kernel': 9, 'amount_lstm': 3, 'lstm_1_units': 45, 'lstm_2_units': 20, 'lstm_3_units': 15, 'dropout': 0.35, 'dropout_recurrent': 0.35}",0.8117489814758301,0.7080000042915344,53,53,16,8,9,3,45,20,15,0.35,0.35
0,"{'cnn_1_filters': 16, 'cnn_2_filters': 8, 'cnn_kernel': 9, 'amount_lstm': 3, 'lstm_1_units': 45, 'lstm_2_units': 20, 'lstm_3_units': 10, 'dropout': 0.0, 'dropout_recurrent': 0.35}",0.9118825197219849,0.7360000014305115,66,58,16,8,9,3,45,20,10,0.0,0.35
0,"{'cnn_1_filters': 16, 'cnn_2_filters': 8, 'cnn_kernel': 9, 'amount_lstm': 3, 'lstm_1_units': 45, 'lstm_2_units': 20, 'lstm_3_units': 10, 'dropout': 0.35, 'dropout_recurrent': 0.35}",0.8865153789520264,0.7680000066757202,60,52,16,8,9,3,45,20,10,0.35,0.35
