,exp_name,acc,val_acc,best_epoch_acc,best_epoch_val_acc,dense_units,amount_lstm,lstm_1_units,lstm_2_units,lstm_3_units,dropout,dropout_recurrent
0,"{'amount_lstm': 1, 'lstm_1_units': 90, 'lstm_2_units': 30, 'lstm_3_units': 15, 'dropout': 0.0, 'dropout_recurrent': 0.0}",0.9773030877113342,0.7480000257492065,23,23,0,1,90,30,15,0.0,0.0
0,"{'amount_lstm': 1, 'lstm_1_units': 90, 'lstm_2_units': 30, 'lstm_3_units': 15, 'dropout': 0.0, 'dropout_recurrent': 0.35}",0.9959946870803833,0.7839999794960022,34,34,0,1,90,30,15,0.0,0.35
0,"{'amount_lstm': 1, 'lstm_1_units': 90, 'lstm_2_units': 30, 'lstm_3_units': 15, 'dropout': 0.35, 'dropout_recurrent': 0.0}",0.9546061158180237,0.7799999713897705,38,30,0,1,90,30,15,0.35,0.0
0,"{'amount_lstm': 1, 'lstm_1_units': 90, 'lstm_2_units': 30, 'lstm_3_units': 15, 'dropout': 0.35, 'dropout_recurrent': 0.35}",0.9279038906097412,0.7960000038146973,39,32,0,1,90,30,15,0.35,0.35
0,"{'amount_lstm': 1, 'lstm_1_units': 90, 'lstm_2_units': 30, 'lstm_3_units': 10, 'dropout': 0.0, 'dropout_recurrent': 0.0}",0.9879840016365051,0.7559999823570251,26,26,0,1,90,30,10,0.0,0.0
0,"{'amount_lstm': 1, 'lstm_1_units': 90, 'lstm_2_units': 30, 'lstm_3_units': 10, 'dropout': 0.0, 'dropout_recurrent': 0.35}",0.9599465727806091,0.7360000014305115,22,21,0,1,90,30,10,0.0,0.35
0,"{'amount_lstm': 1, 'lstm_1_units': 90, 'lstm_2_units': 30, 'lstm_3_units': 10, 'dropout': 0.35, 'dropout_recurrent': 0.0}",0.9052069187164307,0.7400000095367432,30,26,0,1,90,30,10,0.35,0.0
0,"{'amount_lstm': 1, 'lstm_1_units': 90, 'lstm_2_units': 30, 'lstm_3_units': 10, 'dropout': 0.35, 'dropout_recurrent': 0.35}",0.9399198889732361,0.7960000038146973,49,44,0,1,90,30,10,0.35,0.35
0,"{'amount_lstm': 1, 'lstm_1_units': 90, 'lstm_2_units': 20, 'lstm_3_units': 15, 'dropout': 0.0, 'dropout_recurrent': 0.0}",0.9773030877113342,0.7480000257492065,24,21,0,1,90,20,15,0.0,0.0
0,"{'amount_lstm': 1, 'lstm_1_units': 90, 'lstm_2_units': 20, 'lstm_3_units': 15, 'dropout': 0.0, 'dropout_recurrent': 0.35}",0.9586114883422852,0.7480000257492065,25,19,0,1,90,20,15,0.0,0.35
0,"{'amount_lstm': 1, 'lstm_1_units': 90, 'lstm_2_units': 20, 'lstm_3_units': 15, 'dropout': 0.35, 'dropout_recurrent': 0.0}",0.8985313773155212,0.7639999985694885,31,30,0,1,90,20,15,0.35,0.0
0,"{'amount_lstm': 1, 'lstm_1_units': 90, 'lstm_2_units': 20, 'lstm_3_units': 15, 'dropout': 0.35, 'dropout_recurrent': 0.35}",0.9118825197219849,0.7680000066757202,40,40,0,1,90,20,15,0.35,0.35
0,"{'amount_lstm': 1, 'lstm_1_units': 90, 'lstm_2_units': 20, 'lstm_3_units': 10, 'dropout': 0.0, 'dropout_recurrent': 0.0}",0.9786381721496582,0.7680000066757202,22,23,0,1,90,20,10,0.0,0.0
0,"{'amount_lstm': 1, 'lstm_1_units': 90, 'lstm_2_units': 20, 'lstm_3_units': 10, 'dropout': 0.0, 'dropout_recurrent': 0.35}",0.9906542301177979,0.7760000228881836,35,27,0,1,90,20,10,0.0,0.35
0,"{'amount_lstm': 1, 'lstm_1_units': 90, 'lstm_2_units': 20, 'lstm_3_units': 10, 'dropout': 0.35, 'dropout_recurrent': 0.0}",0.921228289604187,0.7680000066757202,35,28,0,1,90,20,10,0.35,0.0
0,"{'amount_lstm': 1, 'lstm_1_units': 90, 'lstm_2_units': 20, 'lstm_3_units': 10, 'dropout': 0.35, 'dropout_recurrent': 0.35}",0.9225634336471558,0.7919999957084656,43,36,0,1,90,20,10,0.35,0.35
0,"{'amount_lstm': 1, 'lstm_1_units': 45, 'lstm_2_units': 30, 'lstm_3_units': 15, 'dropout': 0.0, 'dropout_recurrent': 0.0}",0.9773030877113342,0.7319999933242798,40,35,0,1,45,30,15,0.0,0.0
0,"{'amount_lstm': 1, 'lstm_1_units': 45, 'lstm_2_units': 30, 'lstm_3_units': 15, 'dropout': 0.0, 'dropout_recurrent': 0.35}",0.9546061158180237,0.7200000286102295,41,42,0,1,45,30,15,0.0,0.35
0,"{'amount_lstm': 1, 'lstm_1_units': 45, 'lstm_2_units': 30, 'lstm_3_units': 15, 'dropout': 0.35, 'dropout_recurrent': 0.0}",0.8785046935081482,0.7559999823570251,57,53,0,1,45,30,15,0.35,0.0
0,"{'amount_lstm': 1, 'lstm_1_units': 45, 'lstm_2_units': 30, 'lstm_3_units': 15, 'dropout': 0.35, 'dropout_recurrent': 0.35}",0.8785046935081482,0.7599999904632568,57,52,0,1,45,30,15,0.35,0.35
0,"{'amount_lstm': 1, 'lstm_1_units': 45, 'lstm_2_units': 30, 'lstm_3_units': 10, 'dropout': 0.0, 'dropout_recurrent': 0.0}",0.9679572582244873,0.6880000233650208,39,31,0,1,45,30,10,0.0,0.0
0,"{'amount_lstm': 1, 'lstm_1_units': 45, 'lstm_2_units': 30, 'lstm_3_units': 10, 'dropout': 0.0, 'dropout_recurrent': 0.35}",0.9479305744171143,0.7360000014305115,44,45,0,1,45,30,10,0.0,0.35
0,"{'amount_lstm': 1, 'lstm_1_units': 45, 'lstm_2_units': 30, 'lstm_3_units': 10, 'dropout': 0.35, 'dropout_recurrent': 0.0}",0.8918558359146118,0.7239999771118164,55,55,0,1,45,30,10,0.35,0.0
0,"{'amount_lstm': 1, 'lstm_1_units': 45, 'lstm_2_units': 30, 'lstm_3_units': 10, 'dropout': 0.35, 'dropout_recurrent': 0.35}",0.8945260643959045,0.7639999985694885,71,67,0,1,45,30,10,0.35,0.35
0,"{'amount_lstm': 1, 'lstm_1_units': 45, 'lstm_2_units': 20, 'lstm_3_units': 15, 'dropout': 0.0, 'dropout_recurrent': 0.0}",0.9853137731552124,0.7400000095367432,42,36,0,1,45,20,15,0.0,0.0
0,"{'amount_lstm': 1, 'lstm_1_units': 45, 'lstm_2_units': 20, 'lstm_3_units': 15, 'dropout': 0.0, 'dropout_recurrent': 0.35}",0.9639519453048706,0.7360000014305115,49,51,0,1,45,20,15,0.0,0.35
0,"{'amount_lstm': 1, 'lstm_1_units': 45, 'lstm_2_units': 20, 'lstm_3_units': 15, 'dropout': 0.35, 'dropout_recurrent': 0.0}",0.8544726371765137,0.6959999799728394,48,41,0,1,45,20,15,0.35,0.0
0,"{'amount_lstm': 1, 'lstm_1_units': 45, 'lstm_2_units': 20, 'lstm_3_units': 15, 'dropout': 0.35, 'dropout_recurrent': 0.35}",0.9052069187164307,0.7599999904632568,81,72,0,1,45,20,15,0.35,0.35
0,"{'amount_lstm': 1, 'lstm_1_units': 45, 'lstm_2_units': 20, 'lstm_3_units': 10, 'dropout': 0.0, 'dropout_recurrent': 0.0}",0.9759679436683655,0.7360000014305115,36,30,0,1,45,20,10,0.0,0.0
0,"{'amount_lstm': 1, 'lstm_1_units': 45, 'lstm_2_units': 20, 'lstm_3_units': 10, 'dropout': 0.0, 'dropout_recurrent': 0.35}",0.9532710313796997,0.7440000176429749,42,35,0,1,45,20,10,0.0,0.35
0,"{'amount_lstm': 1, 'lstm_1_units': 45, 'lstm_2_units': 20, 'lstm_3_units': 10, 'dropout': 0.35, 'dropout_recurrent': 0.0}",0.9025366902351379,0.7440000176429749,62,54,0,1,45,20,10,0.35,0.0
0,"{'amount_lstm': 1, 'lstm_1_units': 45, 'lstm_2_units': 20, 'lstm_3_units': 10, 'dropout': 0.35, 'dropout_recurrent': 0.35}",0.8931909203529358,0.7839999794960022,71,64,0,1,45,20,10,0.35,0.35
0,"{'amount_lstm': 2, 'lstm_1_units': 90, 'lstm_2_units': 30, 'lstm_3_units': 15, 'dropout': 0.0, 'dropout_recurrent': 0.0}",0.9893190860748291,0.7639999985694885,26,23,0,2,90,30,15,0.0,0.0
0,"{'amount_lstm': 2, 'lstm_1_units': 90, 'lstm_2_units': 30, 'lstm_3_units': 15, 'dropout': 0.0, 'dropout_recurrent': 0.35}",0.9773030877113342,0.7519999742507935,29,28,0,2,90,30,15,0.0,0.35
0,"{'amount_lstm': 2, 'lstm_1_units': 90, 'lstm_2_units': 30, 'lstm_3_units': 15, 'dropout': 0.35, 'dropout_recurrent': 0.0}",0.8971962332725525,0.7599999904632568,36,28,0,2,90,30,15,0.35,0.0
0,"{'amount_lstm': 2, 'lstm_1_units': 90, 'lstm_2_units': 30, 'lstm_3_units': 15, 'dropout': 0.35, 'dropout_recurrent': 0.35}",0.8825100064277649,0.7960000038146973,33,26,0,2,90,30,15,0.35,0.35
0,"{'amount_lstm': 2, 'lstm_1_units': 90, 'lstm_2_units': 30, 'lstm_3_units': 10, 'dropout': 0.0, 'dropout_recurrent': 0.0}",0.979973316192627,0.7559999823570251,22,20,0,2,90,30,10,0.0,0.0
0,"{'amount_lstm': 2, 'lstm_1_units': 90, 'lstm_2_units': 30, 'lstm_3_units': 10, 'dropout': 0.0, 'dropout_recurrent': 0.35}",0.9853137731552124,0.7680000066757202,32,28,0,2,90,30,10,0.0,0.35
0,"{'amount_lstm': 2, 'lstm_1_units': 90, 'lstm_2_units': 30, 'lstm_3_units': 10, 'dropout': 0.35, 'dropout_recurrent': 0.0}",0.8798397779464722,0.7639999985694885,34,26,0,2,90,30,10,0.35,0.0
0,"{'amount_lstm': 2, 'lstm_1_units': 90, 'lstm_2_units': 30, 'lstm_3_units': 10, 'dropout': 0.35, 'dropout_recurrent': 0.35}",0.8878504633903503,0.7680000066757202,40,34,0,2,90,30,10,0.35,0.35
0,"{'amount_lstm': 2, 'lstm_1_units': 90, 'lstm_2_units': 20, 'lstm_3_units': 15, 'dropout': 0.0, 'dropout_recurrent': 0.0}",0.979973316192627,0.7480000257492065,28,27,0,2,90,20,15,0.0,0.0
0,"{'amount_lstm': 2, 'lstm_1_units': 90, 'lstm_2_units': 20, 'lstm_3_units': 15, 'dropout': 0.0, 'dropout_recurrent': 0.35}",0.9719626307487488,0.7519999742507935,36,35,0,2,90,20,15,0.0,0.35
0,"{'amount_lstm': 2, 'lstm_1_units': 90, 'lstm_2_units': 20, 'lstm_3_units': 15, 'dropout': 0.35, 'dropout_recurrent': 0.0}",0.9425901174545288,0.7960000038146973,48,53,0,2,90,20,15,0.35,0.0
0,"{'amount_lstm': 2, 'lstm_1_units': 90, 'lstm_2_units': 20, 'lstm_3_units': 15, 'dropout': 0.35, 'dropout_recurrent': 0.35}",0.8544726371765137,0.7440000176429749,33,33,0,2,90,20,15,0.35,0.35
0,"{'amount_lstm': 2, 'lstm_1_units': 90, 'lstm_2_units': 20, 'lstm_3_units': 10, 'dropout': 0.0, 'dropout_recurrent': 0.0}",0.9759679436683655,0.7160000205039978,31,22,0,2,90,20,10,0.0,0.0
0,"{'amount_lstm': 2, 'lstm_1_units': 90, 'lstm_2_units': 20, 'lstm_3_units': 10, 'dropout': 0.0, 'dropout_recurrent': 0.35}",0.9746328592300415,0.7839999794960022,30,31,0,2,90,20,10,0.0,0.35
0,"{'amount_lstm': 2, 'lstm_1_units': 90, 'lstm_2_units': 20, 'lstm_3_units': 10, 'dropout': 0.35, 'dropout_recurrent': 0.0}",0.919893205165863,0.7559999823570251,44,39,0,2,90,20,10,0.35,0.0
0,"{'amount_lstm': 2, 'lstm_1_units': 90, 'lstm_2_units': 20, 'lstm_3_units': 10, 'dropout': 0.35, 'dropout_recurrent': 0.35}",0.9412550330162048,0.7720000147819519,64,57,0,2,90,20,10,0.35,0.35
0,"{'amount_lstm': 2, 'lstm_1_units': 45, 'lstm_2_units': 30, 'lstm_3_units': 15, 'dropout': 0.0, 'dropout_recurrent': 0.0}",0.979973316192627,0.7279999852180481,37,36,0,2,45,30,15,0.0,0.0
0,"{'amount_lstm': 2, 'lstm_1_units': 45, 'lstm_2_units': 30, 'lstm_3_units': 15, 'dropout': 0.0, 'dropout_recurrent': 0.35}",0.9866488575935364,0.7360000014305115,45,41,0,2,45,30,15,0.0,0.35
0,"{'amount_lstm': 2, 'lstm_1_units': 45, 'lstm_2_units': 30, 'lstm_3_units': 15, 'dropout': 0.35, 'dropout_recurrent': 0.0}",0.8838451504707336,0.7799999713897705,52,41,0,2,45,30,15,0.35,0.0
0,"{'amount_lstm': 2, 'lstm_1_units': 45, 'lstm_2_units': 30, 'lstm_3_units': 15, 'dropout': 0.35, 'dropout_recurrent': 0.35}",0.842456579208374,0.7559999823570251,42,39,0,2,45,30,15,0.35,0.35
0,"{'amount_lstm': 2, 'lstm_1_units': 45, 'lstm_2_units': 30, 'lstm_3_units': 10, 'dropout': 0.0, 'dropout_recurrent': 0.0}",0.969292402267456,0.7039999961853027,30,26,0,2,45,30,10,0.0,0.0
0,"{'amount_lstm': 2, 'lstm_1_units': 45, 'lstm_2_units': 30, 'lstm_3_units': 10, 'dropout': 0.0, 'dropout_recurrent': 0.35}",0.9732977151870728,0.7680000066757202,37,37,0,2,45,30,10,0.0,0.35
0,"{'amount_lstm': 2, 'lstm_1_units': 45, 'lstm_2_units': 30, 'lstm_3_units': 10, 'dropout': 0.35, 'dropout_recurrent': 0.0}",0.8464619517326355,0.7160000205039978,39,31,0,2,45,30,10,0.35,0.0
0,"{'amount_lstm': 2, 'lstm_1_units': 45, 'lstm_2_units': 30, 'lstm_3_units': 10, 'dropout': 0.35, 'dropout_recurrent': 0.35}",0.9105473756790161,0.828000009059906,68,64,0,2,45,30,10,0.35,0.35
0,"{'amount_lstm': 2, 'lstm_1_units': 45, 'lstm_2_units': 20, 'lstm_3_units': 15, 'dropout': 0.0, 'dropout_recurrent': 0.0}",0.9652870297431946,0.7120000123977661,36,30,0,2,45,20,15,0.0,0.0
0,"{'amount_lstm': 2, 'lstm_1_units': 45, 'lstm_2_units': 20, 'lstm_3_units': 15, 'dropout': 0.0, 'dropout_recurrent': 0.35}",0.9399198889732361,0.7440000176429749,41,34,0,2,45,20,15,0.0,0.35
0,"{'amount_lstm': 2, 'lstm_1_units': 45, 'lstm_2_units': 20, 'lstm_3_units': 15, 'dropout': 0.35, 'dropout_recurrent': 0.0}",0.8931909203529358,0.7839999794960022,68,50,0,2,45,20,15,0.35,0.0
0,"{'amount_lstm': 2, 'lstm_1_units': 45, 'lstm_2_units': 20, 'lstm_3_units': 15, 'dropout': 0.35, 'dropout_recurrent': 0.35}",0.8905206918716431,0.7839999794960022,82,73,0,2,45,20,15,0.35,0.35
0,"{'amount_lstm': 2, 'lstm_1_units': 45, 'lstm_2_units': 20, 'lstm_3_units': 10, 'dropout': 0.0, 'dropout_recurrent': 0.0}",0.9773030877113342,0.699999988079071,38,28,0,2,45,20,10,0.0,0.0
0,"{'amount_lstm': 2, 'lstm_1_units': 45, 'lstm_2_units': 20, 'lstm_3_units': 10, 'dropout': 0.0, 'dropout_recurrent': 0.35}",0.9359145760536194,0.7080000042915344,33,35,0,2,45,20,10,0.0,0.35
0,"{'amount_lstm': 2, 'lstm_1_units': 45, 'lstm_2_units': 20, 'lstm_3_units': 10, 'dropout': 0.35, 'dropout_recurrent': 0.0}",0.8798397779464722,0.7279999852180481,58,47,0,2,45,20,10,0.35,0.0
0,"{'amount_lstm': 2, 'lstm_1_units': 45, 'lstm_2_units': 20, 'lstm_3_units': 10, 'dropout': 0.35, 'dropout_recurrent': 0.35}",0.8451268076896667,0.7160000205039978,52,46,0,2,45,20,10,0.35,0.35
0,"{'amount_lstm': 3, 'lstm_1_units': 90, 'lstm_2_units': 30, 'lstm_3_units': 15, 'dropout': 0.0, 'dropout_recurrent': 0.0}",0.9786381721496582,0.7360000014305115,31,23,0,3,90,30,15,0.0,0.0
0,"{'amount_lstm': 3, 'lstm_1_units': 90, 'lstm_2_units': 30, 'lstm_3_units': 15, 'dropout': 0.0, 'dropout_recurrent': 0.35}",0.9572763442993164,0.7559999823570251,34,34,0,3,90,30,15,0.0,0.35
0,"{'amount_lstm': 3, 'lstm_1_units': 90, 'lstm_2_units': 30, 'lstm_3_units': 15, 'dropout': 0.35, 'dropout_recurrent': 0.0}",0.9172229766845703,0.7879999876022339,45,38,0,3,90,30,15,0.35,0.0
0,"{'amount_lstm': 3, 'lstm_1_units': 90, 'lstm_2_units': 30, 'lstm_3_units': 15, 'dropout': 0.35, 'dropout_recurrent': 0.35}",0.901201605796814,0.7879999876022339,50,50,0,3,90,30,15,0.35,0.35
0,"{'amount_lstm': 3, 'lstm_1_units': 90, 'lstm_2_units': 30, 'lstm_3_units': 10, 'dropout': 0.0, 'dropout_recurrent': 0.0}",0.9893190860748291,0.7559999823570251,60,54,0,3,90,30,10,0.0,0.0
0,"{'amount_lstm': 3, 'lstm_1_units': 90, 'lstm_2_units': 30, 'lstm_3_units': 10, 'dropout': 0.0, 'dropout_recurrent': 0.35}",0.9599465727806091,0.7639999985694885,35,37,0,3,90,30,10,0.0,0.35
0,"{'amount_lstm': 3, 'lstm_1_units': 90, 'lstm_2_units': 30, 'lstm_3_units': 10, 'dropout': 0.35, 'dropout_recurrent': 0.0}",0.8865153789520264,0.7559999823570251,52,47,0,3,90,30,10,0.35,0.0
0,"{'amount_lstm': 3, 'lstm_1_units': 90, 'lstm_2_units': 30, 'lstm_3_units': 10, 'dropout': 0.35, 'dropout_recurrent': 0.35}",0.9332443475723267,0.7960000038146973,72,74,0,3,90,30,10,0.35,0.35
0,"{'amount_lstm': 3, 'lstm_1_units': 90, 'lstm_2_units': 20, 'lstm_3_units': 15, 'dropout': 0.0, 'dropout_recurrent': 0.0}",0.979973316192627,0.7360000014305115,39,33,0,3,90,20,15,0.0,0.0
0,"{'amount_lstm': 3, 'lstm_1_units': 90, 'lstm_2_units': 20, 'lstm_3_units': 15, 'dropout': 0.0, 'dropout_recurrent': 0.35}",0.9532710313796997,0.7599999904632568,33,19,0,3,90,20,15,0.0,0.35
0,"{'amount_lstm': 3, 'lstm_1_units': 90, 'lstm_2_units': 20, 'lstm_3_units': 15, 'dropout': 0.35, 'dropout_recurrent': 0.0}",0.9105473756790161,0.7559999823570251,56,54,0,3,90,20,15,0.35,0.0
0,"{'amount_lstm': 3, 'lstm_1_units': 90, 'lstm_2_units': 20, 'lstm_3_units': 15, 'dropout': 0.35, 'dropout_recurrent': 0.35}",0.9078771471977234,0.7680000066757202,64,61,0,3,90,20,15,0.35,0.35
0,"{'amount_lstm': 3, 'lstm_1_units': 90, 'lstm_2_units': 20, 'lstm_3_units': 10, 'dropout': 0.0, 'dropout_recurrent': 0.0}",0.9853137731552124,0.7599999904632568,47,37,0,3,90,20,10,0.0,0.0
0,"{'amount_lstm': 3, 'lstm_1_units': 90, 'lstm_2_units': 20, 'lstm_3_units': 10, 'dropout': 0.0, 'dropout_recurrent': 0.35}",0.9572763442993164,0.7400000095367432,43,36,0,3,90,20,10,0.0,0.35
0,"{'amount_lstm': 3, 'lstm_1_units': 90, 'lstm_2_units': 20, 'lstm_3_units': 10, 'dropout': 0.35, 'dropout_recurrent': 0.0}",0.8664886355400085,0.7639999985694885,53,50,0,3,90,20,10,0.35,0.0
0,"{'amount_lstm': 3, 'lstm_1_units': 90, 'lstm_2_units': 20, 'lstm_3_units': 10, 'dropout': 0.35, 'dropout_recurrent': 0.35}",0.8985313773155212,0.7960000038146973,65,61,0,3,90,20,10,0.35,0.35
0,"{'amount_lstm': 3, 'lstm_1_units': 45, 'lstm_2_units': 30, 'lstm_3_units': 15, 'dropout': 0.0, 'dropout_recurrent': 0.0}",0.9652870297431946,0.699999988079071,41,39,0,3,45,30,15,0.0,0.0
0,"{'amount_lstm': 3, 'lstm_1_units': 45, 'lstm_2_units': 30, 'lstm_3_units': 15, 'dropout': 0.0, 'dropout_recurrent': 0.35}",0.97062748670578,0.7120000123977661,53,46,0,3,45,30,15,0.0,0.35
0,"{'amount_lstm': 3, 'lstm_1_units': 45, 'lstm_2_units': 30, 'lstm_3_units': 15, 'dropout': 0.35, 'dropout_recurrent': 0.0}",0.9105473756790161,0.8080000281333923,80,78,0,3,45,30,15,0.35,0.0
0,"{'amount_lstm': 3, 'lstm_1_units': 45, 'lstm_2_units': 30, 'lstm_3_units': 15, 'dropout': 0.35, 'dropout_recurrent': 0.35}",0.8971962332725525,0.800000011920929,78,77,0,3,45,30,15,0.35,0.35
0,"{'amount_lstm': 3, 'lstm_1_units': 45, 'lstm_2_units': 30, 'lstm_3_units': 10, 'dropout': 0.0, 'dropout_recurrent': 0.0}",0.9639519453048706,0.6600000262260437,49,49,0,3,45,30,10,0.0,0.0
0,"{'amount_lstm': 3, 'lstm_1_units': 45, 'lstm_2_units': 30, 'lstm_3_units': 10, 'dropout': 0.0, 'dropout_recurrent': 0.35}",0.9586114883422852,0.7480000257492065,55,43,0,3,45,30,10,0.0,0.35
0,"{'amount_lstm': 3, 'lstm_1_units': 45, 'lstm_2_units': 30, 'lstm_3_units': 10, 'dropout': 0.35, 'dropout_recurrent': 0.0}",0.851802408695221,0.7480000257492065,58,65,0,3,45,30,10,0.35,0.0
0,"{'amount_lstm': 3, 'lstm_1_units': 45, 'lstm_2_units': 30, 'lstm_3_units': 10, 'dropout': 0.35, 'dropout_recurrent': 0.35}",0.851802408695221,0.7879999876022339,74,71,0,3,45,30,10,0.35,0.35
0,"{'amount_lstm': 3, 'lstm_1_units': 45, 'lstm_2_units': 20, 'lstm_3_units': 15, 'dropout': 0.0, 'dropout_recurrent': 0.0}",0.9759679436683655,0.7039999961853027,42,37,0,3,45,20,15,0.0,0.0
0,"{'amount_lstm': 3, 'lstm_1_units': 45, 'lstm_2_units': 20, 'lstm_3_units': 15, 'dropout': 0.0, 'dropout_recurrent': 0.35}",0.9425901174545288,0.7080000042915344,45,42,0,3,45,20,15,0.0,0.35
0,"{'amount_lstm': 3, 'lstm_1_units': 45, 'lstm_2_units': 20, 'lstm_3_units': 15, 'dropout': 0.35, 'dropout_recurrent': 0.0}",0.851802408695221,0.7319999933242798,67,58,0,3,45,20,15,0.35,0.0
0,"{'amount_lstm': 3, 'lstm_1_units': 45, 'lstm_2_units': 20, 'lstm_3_units': 15, 'dropout': 0.35, 'dropout_recurrent': 0.35}",0.7877169847488403,0.7279999852180481,61,52,0,3,45,20,15,0.35,0.35
0,"{'amount_lstm': 3, 'lstm_1_units': 45, 'lstm_2_units': 20, 'lstm_3_units': 10, 'dropout': 0.0, 'dropout_recurrent': 0.0}",0.9626168012619019,0.6959999799728394,54,37,0,3,45,20,10,0.0,0.0
0,"{'amount_lstm': 3, 'lstm_1_units': 45, 'lstm_2_units': 20, 'lstm_3_units': 10, 'dropout': 0.0, 'dropout_recurrent': 0.35}",0.9265687465667725,0.6959999799728394,39,33,0,3,45,20,10,0.0,0.35
0,"{'amount_lstm': 3, 'lstm_1_units': 45, 'lstm_2_units': 20, 'lstm_3_units': 10, 'dropout': 0.35, 'dropout_recurrent': 0.0}",0.7970627546310425,0.7200000286102295,61,53,0,3,45,20,10,0.35,0.0
0,"{'amount_lstm': 3, 'lstm_1_units': 45, 'lstm_2_units': 20, 'lstm_3_units': 10, 'dropout': 0.35, 'dropout_recurrent': 0.35}",0.8678237795829773,0.7599999904632568,85,83,0,3,45,20,10,0.35,0.35
