,exp_name,acc,val_acc,best_epoch_acc,best_epoch_val_acc,amount_lstm,lstm_1_units,lstm_2_units,lstm_3_units,dropout,dropout_recurrent
0,"{'amount_lstm': 1, 'lstm_1_units': 90, 'lstm_2_units': 30, 'lstm_3_units': 15, 'dropout': 0.0, 'dropout_recurrent': 0.0}",0.9092122912406921,0.6880000233650208,107,108,1,90,30,15,0.0,0.0
0,"{'amount_lstm': 1, 'lstm_1_units': 90, 'lstm_2_units': 30, 'lstm_3_units': 15, 'dropout': 0.0, 'dropout_recurrent': 0.35}",0.8731642365455627,0.7279999852180481,125,120,1,90,30,15,0.0,0.35
0,"{'amount_lstm': 1, 'lstm_1_units': 90, 'lstm_2_units': 30, 'lstm_3_units': 15, 'dropout': 0.35, 'dropout_recurrent': 0.0}",0.5193591713905334,0.1679999977350235,18,5,1,90,30,15,0.35,0.0
0,"{'amount_lstm': 1, 'lstm_1_units': 90, 'lstm_2_units': 30, 'lstm_3_units': 15, 'dropout': 0.35, 'dropout_recurrent': 0.35}",0.3885180354118347,0.21199999749660492,21,10,1,90,30,15,0.35,0.35
0,"{'amount_lstm': 1, 'lstm_1_units': 90, 'lstm_2_units': 30, 'lstm_3_units': 10, 'dropout': 0.0, 'dropout_recurrent': 0.0}",0.9025366902351379,0.7120000123977661,118,117,1,90,30,10,0.0,0.0
0,"{'amount_lstm': 1, 'lstm_1_units': 90, 'lstm_2_units': 30, 'lstm_3_units': 10, 'dropout': 0.0, 'dropout_recurrent': 0.35}",0.950600802898407,0.7400000095367432,151,141,1,90,30,10,0.0,0.35
0,"{'amount_lstm': 1, 'lstm_1_units': 90, 'lstm_2_units': 30, 'lstm_3_units': 10, 'dropout': 0.35, 'dropout_recurrent': 0.0}",0.712950587272644,0.24799999594688416,38,37,1,90,30,10,0.35,0.0
0,"{'amount_lstm': 1, 'lstm_1_units': 90, 'lstm_2_units': 30, 'lstm_3_units': 10, 'dropout': 0.35, 'dropout_recurrent': 0.35}",0.7276368737220764,0.5879999995231628,80,72,1,90,30,10,0.35,0.35
0,"{'amount_lstm': 1, 'lstm_1_units': 90, 'lstm_2_units': 20, 'lstm_3_units': 15, 'dropout': 0.0, 'dropout_recurrent': 0.0}",0.9025366902351379,0.7080000042915344,143,142,1,90,20,15,0.0,0.0
0,"{'amount_lstm': 1, 'lstm_1_units': 90, 'lstm_2_units': 20, 'lstm_3_units': 15, 'dropout': 0.0, 'dropout_recurrent': 0.35}",0.921228289604187,0.7319999933242798,166,166,1,90,20,15,0.0,0.35
0,"{'amount_lstm': 1, 'lstm_1_units': 90, 'lstm_2_units': 20, 'lstm_3_units': 15, 'dropout': 0.35, 'dropout_recurrent': 0.0}",0.4218958616256714,0.19599999487400055,21,19,1,90,20,15,0.35,0.0
0,"{'amount_lstm': 1, 'lstm_1_units': 90, 'lstm_2_units': 20, 'lstm_3_units': 15, 'dropout': 0.35, 'dropout_recurrent': 0.35}",0.7997329831123352,0.5559999942779541,95,96,1,90,20,15,0.35,0.35
0,"{'amount_lstm': 1, 'lstm_1_units': 90, 'lstm_2_units': 20, 'lstm_3_units': 10, 'dropout': 0.0, 'dropout_recurrent': 0.0}",0.8678237795829773,0.6919999718666077,98,91,1,90,20,10,0.0,0.0
0,"{'amount_lstm': 1, 'lstm_1_units': 90, 'lstm_2_units': 20, 'lstm_3_units': 10, 'dropout': 0.0, 'dropout_recurrent': 0.35}",0.9265687465667725,0.7279999852180481,164,159,1,90,20,10,0.0,0.35
0,"{'amount_lstm': 1, 'lstm_1_units': 90, 'lstm_2_units': 20, 'lstm_3_units': 10, 'dropout': 0.35, 'dropout_recurrent': 0.0}",0.43658211827278137,0.21199999749660492,20,16,1,90,20,10,0.35,0.0
0,"{'amount_lstm': 1, 'lstm_1_units': 90, 'lstm_2_units': 20, 'lstm_3_units': 10, 'dropout': 0.35, 'dropout_recurrent': 0.35}",0.2643524706363678,0.15600000321865082,14,6,1,90,20,10,0.35,0.35
0,"{'amount_lstm': 1, 'lstm_1_units': 45, 'lstm_2_units': 30, 'lstm_3_units': 15, 'dropout': 0.0, 'dropout_recurrent': 0.0}",0.842456579208374,0.6439999938011169,221,177,1,45,30,15,0.0,0.0
0,"{'amount_lstm': 1, 'lstm_1_units': 45, 'lstm_2_units': 30, 'lstm_3_units': 15, 'dropout': 0.0, 'dropout_recurrent': 0.35}",0.662216305732727,0.5720000267028809,164,164,1,45,30,15,0.0,0.35
0,"{'amount_lstm': 1, 'lstm_1_units': 45, 'lstm_2_units': 30, 'lstm_3_units': 15, 'dropout': 0.35, 'dropout_recurrent': 0.0}",0.6181575655937195,0.335999995470047,97,74,1,45,30,15,0.35,0.0
0,"{'amount_lstm': 1, 'lstm_1_units': 45, 'lstm_2_units': 30, 'lstm_3_units': 15, 'dropout': 0.35, 'dropout_recurrent': 0.35}",0.5046728849411011,0.2680000066757202,82,47,1,45,30,15,0.35,0.35
0,"{'amount_lstm': 1, 'lstm_1_units': 45, 'lstm_2_units': 30, 'lstm_3_units': 10, 'dropout': 0.0, 'dropout_recurrent': 0.0}",0.8344459533691406,0.656000018119812,170,178,1,45,30,10,0.0,0.0
0,"{'amount_lstm': 1, 'lstm_1_units': 45, 'lstm_2_units': 30, 'lstm_3_units': 10, 'dropout': 0.0, 'dropout_recurrent': 0.35}",0.7543390989303589,0.5839999914169312,188,187,1,45,30,10,0.0,0.35
0,"{'amount_lstm': 1, 'lstm_1_units': 45, 'lstm_2_units': 30, 'lstm_3_units': 10, 'dropout': 0.35, 'dropout_recurrent': 0.0}",0.3351134955883026,0.18000000715255737,21,7,1,45,30,10,0.35,0.0
0,"{'amount_lstm': 1, 'lstm_1_units': 45, 'lstm_2_units': 30, 'lstm_3_units': 10, 'dropout': 0.35, 'dropout_recurrent': 0.35}",0.3284379243850708,0.1720000058412552,27,14,1,45,30,10,0.35,0.35
0,"{'amount_lstm': 1, 'lstm_1_units': 45, 'lstm_2_units': 20, 'lstm_3_units': 15, 'dropout': 0.0, 'dropout_recurrent': 0.0}",0.5514018535614014,0.4519999921321869,102,94,1,45,20,15,0.0,0.0
0,"{'amount_lstm': 1, 'lstm_1_units': 45, 'lstm_2_units': 20, 'lstm_3_units': 15, 'dropout': 0.0, 'dropout_recurrent': 0.35}",0.8331108093261719,0.6840000152587891,256,259,1,45,20,15,0.0,0.35
0,"{'amount_lstm': 1, 'lstm_1_units': 45, 'lstm_2_units': 20, 'lstm_3_units': 15, 'dropout': 0.35, 'dropout_recurrent': 0.0}",0.2777036130428314,0.14000000059604645,15,11,1,45,20,15,0.35,0.0
0,"{'amount_lstm': 1, 'lstm_1_units': 45, 'lstm_2_units': 20, 'lstm_3_units': 15, 'dropout': 0.35, 'dropout_recurrent': 0.35}",0.28704941272735596,0.14000000059604645,25,18,1,45,20,15,0.35,0.35
0,"{'amount_lstm': 1, 'lstm_1_units': 45, 'lstm_2_units': 20, 'lstm_3_units': 10, 'dropout': 0.0, 'dropout_recurrent': 0.0}",0.8624833226203918,0.6639999747276306,171,164,1,45,20,10,0.0,0.0
0,"{'amount_lstm': 1, 'lstm_1_units': 45, 'lstm_2_units': 20, 'lstm_3_units': 10, 'dropout': 0.0, 'dropout_recurrent': 0.35}",0.6982643604278564,0.5,187,171,1,45,20,10,0.0,0.35
0,"{'amount_lstm': 1, 'lstm_1_units': 45, 'lstm_2_units': 20, 'lstm_3_units': 10, 'dropout': 0.35, 'dropout_recurrent': 0.0}",0.307076096534729,0.15199999511241913,22,9,1,45,20,10,0.35,0.0
0,"{'amount_lstm': 1, 'lstm_1_units': 45, 'lstm_2_units': 20, 'lstm_3_units': 10, 'dropout': 0.35, 'dropout_recurrent': 0.35}",0.6835781335830688,0.5479999780654907,130,128,1,45,20,10,0.35,0.35
0,"{'amount_lstm': 2, 'lstm_1_units': 90, 'lstm_2_units': 30, 'lstm_3_units': 15, 'dropout': 0.0, 'dropout_recurrent': 0.35}",0.7837116122245789,0.671999990940094,51,50,2,90,30,15,0.0,0.35
0,"{'amount_lstm': 2, 'lstm_1_units': 90, 'lstm_2_units': 30, 'lstm_3_units': 15, 'dropout': 0.35, 'dropout_recurrent': 0.35}",0.6008010506629944,0.36000001430511475,33,31,2,90,30,15,0.35,0.35
0,"{'amount_lstm': 2, 'lstm_1_units': 90, 'lstm_2_units': 30, 'lstm_3_units': 10, 'dropout': 0.0, 'dropout_recurrent': 0.35}",0.7863818407058716,0.6439999938011169,58,48,2,90,30,10,0.0,0.35
0,"{'amount_lstm': 2, 'lstm_1_units': 90, 'lstm_2_units': 30, 'lstm_3_units': 10, 'dropout': 0.35, 'dropout_recurrent': 0.35}",0.6368491053581238,0.40400001406669617,39,28,2,90,30,10,0.35,0.35
0,"{'amount_lstm': 2, 'lstm_1_units': 90, 'lstm_2_units': 20, 'lstm_3_units': 15, 'dropout': 0.0, 'dropout_recurrent': 0.35}",0.84112149477005,0.7120000123977661,78,74,2,90,20,15,0.0,0.35
0,"{'amount_lstm': 2, 'lstm_1_units': 90, 'lstm_2_units': 20, 'lstm_3_units': 15, 'dropout': 0.35, 'dropout_recurrent': 0.35}",0.662216305732727,0.41200000047683716,52,44,2,90,20,15,0.35,0.35
0,"{'amount_lstm': 2, 'lstm_1_units': 90, 'lstm_2_units': 20, 'lstm_3_units': 10, 'dropout': 0.0, 'dropout_recurrent': 0.35}",0.7983978390693665,0.6880000233650208,60,52,2,90,20,10,0.0,0.35
0,"{'amount_lstm': 2, 'lstm_1_units': 90, 'lstm_2_units': 20, 'lstm_3_units': 10, 'dropout': 0.35, 'dropout_recurrent': 0.35}",0.6982643604278564,0.46399998664855957,51,49,2,90,20,10,0.35,0.35
0,"{'amount_lstm': 2, 'lstm_1_units': 45, 'lstm_2_units': 30, 'lstm_3_units': 15, 'dropout': 0.0, 'dropout_recurrent': 0.35}",0.842456579208374,0.656000018119812,88,85,2,45,30,15,0.0,0.35
0,"{'amount_lstm': 2, 'lstm_1_units': 45, 'lstm_2_units': 30, 'lstm_3_units': 15, 'dropout': 0.35, 'dropout_recurrent': 0.35}",0.6675567626953125,0.4320000112056732,67,59,2,45,30,15,0.35,0.35
0,"{'amount_lstm': 2, 'lstm_1_units': 45, 'lstm_2_units': 30, 'lstm_3_units': 10, 'dropout': 0.0, 'dropout_recurrent': 0.35}",0.8344459533691406,0.7160000205039978,113,107,2,45,30,10,0.0,0.35
0,"{'amount_lstm': 2, 'lstm_1_units': 45, 'lstm_2_units': 30, 'lstm_3_units': 10, 'dropout': 0.35, 'dropout_recurrent': 0.35}",0.4459279179573059,0.2879999876022339,35,29,2,45,30,10,0.35,0.35
0,"{'amount_lstm': 2, 'lstm_1_units': 45, 'lstm_2_units': 20, 'lstm_3_units': 15, 'dropout': 0.0, 'dropout_recurrent': 0.35}",0.7810413837432861,0.6600000262260437,70,62,2,45,20,15,0.0,0.35
0,"{'amount_lstm': 2, 'lstm_1_units': 45, 'lstm_2_units': 20, 'lstm_3_units': 15, 'dropout': 0.35, 'dropout_recurrent': 0.35}",0.5887850522994995,0.42399999499320984,46,38,2,45,20,15,0.35,0.35
0,"{'amount_lstm': 2, 'lstm_1_units': 90, 'lstm_2_units': 30, 'lstm_3_units': 15, 'dropout': 0.0, 'dropout_recurrent': 0.0}",0.7623497843742371,0.5839999914169312,48,44,2,90,30,15,0.0,0.0
0,"{'amount_lstm': 2, 'lstm_1_units': 90, 'lstm_2_units': 30, 'lstm_3_units': 15, 'dropout': 0.35, 'dropout_recurrent': 0.0}",0.7823765277862549,0.3319999873638153,43,37,2,90,30,15,0.35,0.0
0,"{'amount_lstm': 2, 'lstm_1_units': 90, 'lstm_2_units': 30, 'lstm_3_units': 10, 'dropout': 0.0, 'dropout_recurrent': 0.0}",0.9225634336471558,0.7480000257492065,84,80,2,90,30,10,0.0,0.0
0,"{'amount_lstm': 2, 'lstm_1_units': 90, 'lstm_2_units': 30, 'lstm_3_units': 10, 'dropout': 0.35, 'dropout_recurrent': 0.0}",0.7329773306846619,0.42800000309944153,36,40,2,90,30,10,0.35,0.0
0,"{'amount_lstm': 2, 'lstm_1_units': 90, 'lstm_2_units': 20, 'lstm_3_units': 15, 'dropout': 0.0, 'dropout_recurrent': 0.0}",0.8838451504707336,0.7200000286102295,90,91,2,90,20,15,0.0,0.0
0,"{'amount_lstm': 2, 'lstm_1_units': 90, 'lstm_2_units': 20, 'lstm_3_units': 15, 'dropout': 0.35, 'dropout_recurrent': 0.0}",0.4672897160053253,0.2240000069141388,17,8,2,90,20,15,0.35,0.0
0,"{'amount_lstm': 2, 'lstm_1_units': 90, 'lstm_2_units': 20, 'lstm_3_units': 10, 'dropout': 0.0, 'dropout_recurrent': 0.0}",0.8785046935081482,0.7559999823570251,91,89,2,90,20,10,0.0,0.0
0,"{'amount_lstm': 2, 'lstm_1_units': 90, 'lstm_2_units': 20, 'lstm_3_units': 10, 'dropout': 0.35, 'dropout_recurrent': 0.0}",0.6408544778823853,0.2800000011920929,28,21,2,90,20,10,0.35,0.0
0,"{'amount_lstm': 2, 'lstm_1_units': 45, 'lstm_2_units': 30, 'lstm_3_units': 15, 'dropout': 0.0, 'dropout_recurrent': 0.0}",0.7503337860107422,0.6119999885559082,47,48,2,45,30,15,0.0,0.0
0,"{'amount_lstm': 2, 'lstm_1_units': 45, 'lstm_2_units': 30, 'lstm_3_units': 15, 'dropout': 0.35, 'dropout_recurrent': 0.0}",0.499332457780838,0.31200000643730164,27,24,2,45,30,15,0.35,0.0
0,"{'amount_lstm': 2, 'lstm_1_units': 45, 'lstm_2_units': 30, 'lstm_3_units': 10, 'dropout': 0.0, 'dropout_recurrent': 0.0}",0.8798397779464722,0.6359999775886536,78,79,2,45,30,10,0.0,0.0
0,"{'amount_lstm': 2, 'lstm_1_units': 45, 'lstm_2_units': 30, 'lstm_3_units': 10, 'dropout': 0.35, 'dropout_recurrent': 0.0}",0.514018714427948,0.2199999988079071,19,18,2,45,30,10,0.35,0.0
0,"{'amount_lstm': 2, 'lstm_1_units': 45, 'lstm_2_units': 20, 'lstm_3_units': 15, 'dropout': 0.0, 'dropout_recurrent': 0.0}",0.7837116122245789,0.6480000019073486,71,76,2,45,20,15,0.0,0.0
0,"{'amount_lstm': 2, 'lstm_1_units': 45, 'lstm_2_units': 20, 'lstm_3_units': 15, 'dropout': 0.35, 'dropout_recurrent': 0.0}",0.614152193069458,0.25999999046325684,36,33,2,45,20,15,0.35,0.0
0,"{'amount_lstm': 2, 'lstm_1_units': 45, 'lstm_2_units': 20, 'lstm_3_units': 10, 'dropout': 0.0, 'dropout_recurrent': 0.0}",0.6915887594223022,0.5839999914169312,74,69,2,45,20,10,0.0,0.0
0,"{'amount_lstm': 2, 'lstm_1_units': 45, 'lstm_2_units': 20, 'lstm_3_units': 10, 'dropout': 0.0, 'dropout_recurrent': 0.35}",0.7583444714546204,0.628000020980835,77,81,2,45,20,10,0.0,0.35
0,"{'amount_lstm': 2, 'lstm_1_units': 45, 'lstm_2_units': 20, 'lstm_3_units': 10, 'dropout': 0.35, 'dropout_recurrent': 0.0}",0.5927903652191162,0.2680000066757202,34,32,2,45,20,10,0.35,0.0
0,"{'amount_lstm': 2, 'lstm_1_units': 45, 'lstm_2_units': 20, 'lstm_3_units': 10, 'dropout': 0.35, 'dropout_recurrent': 0.35}",0.27369827032089233,0.18400000035762787,14,6,2,45,20,10,0.35,0.35
0,"{'amount_lstm': 3, 'lstm_1_units': 90, 'lstm_2_units': 30, 'lstm_3_units': 15, 'dropout': 0.0, 'dropout_recurrent': 0.0}",0.821094810962677,0.6359999775886536,76,74,3,90,30,15,0.0,0.0
0,"{'amount_lstm': 3, 'lstm_1_units': 90, 'lstm_2_units': 30, 'lstm_3_units': 15, 'dropout': 0.0, 'dropout_recurrent': 0.35}",0.8678237795829773,0.7120000123977661,102,90,3,90,30,15,0.0,0.35
0,"{'amount_lstm': 3, 'lstm_1_units': 90, 'lstm_2_units': 30, 'lstm_3_units': 15, 'dropout': 0.35, 'dropout_recurrent': 0.0}",0.5954605937004089,0.29600000381469727,33,26,3,90,30,15,0.35,0.0
0,"{'amount_lstm': 3, 'lstm_1_units': 90, 'lstm_2_units': 30, 'lstm_3_units': 15, 'dropout': 0.35, 'dropout_recurrent': 0.35}",0.4753004014492035,0.3720000088214874,36,29,3,90,30,15,0.35,0.35
0,"{'amount_lstm': 3, 'lstm_1_units': 90, 'lstm_2_units': 30, 'lstm_3_units': 10, 'dropout': 0.0, 'dropout_recurrent': 0.0}",0.7543390989303589,0.5519999861717224,56,49,3,90,30,10,0.0,0.0
0,"{'amount_lstm': 3, 'lstm_1_units': 90, 'lstm_2_units': 30, 'lstm_3_units': 10, 'dropout': 0.0, 'dropout_recurrent': 0.35}",0.773030698299408,0.6520000100135803,86,79,3,90,30,10,0.0,0.35
0,"{'amount_lstm': 3, 'lstm_1_units': 90, 'lstm_2_units': 30, 'lstm_3_units': 10, 'dropout': 0.35, 'dropout_recurrent': 0.0}",0.356475293636322,0.2240000069141388,12,3,3,90,30,10,0.35,0.0
0,"{'amount_lstm': 3, 'lstm_1_units': 90, 'lstm_2_units': 30, 'lstm_3_units': 10, 'dropout': 0.35, 'dropout_recurrent': 0.35}",0.6702269911766052,0.5920000076293945,55,50,3,90,30,10,0.35,0.35
0,"{'amount_lstm': 3, 'lstm_1_units': 90, 'lstm_2_units': 20, 'lstm_3_units': 15, 'dropout': 0.0, 'dropout_recurrent': 0.0}",0.8170894384384155,0.6600000262260437,78,74,3,90,20,15,0.0,0.0
0,"{'amount_lstm': 3, 'lstm_1_units': 90, 'lstm_2_units': 20, 'lstm_3_units': 15, 'dropout': 0.0, 'dropout_recurrent': 0.35}",0.8077436685562134,0.6320000290870667,89,88,3,90,20,15,0.0,0.35
0,"{'amount_lstm': 3, 'lstm_1_units': 90, 'lstm_2_units': 20, 'lstm_3_units': 15, 'dropout': 0.35, 'dropout_recurrent': 0.0}",0.5033378005027771,0.29600000381469727,27,25,3,90,20,15,0.35,0.0
0,"{'amount_lstm': 3, 'lstm_1_units': 90, 'lstm_2_units': 20, 'lstm_3_units': 15, 'dropout': 0.35, 'dropout_recurrent': 0.35}",0.47663551568984985,0.3319999873638153,44,36,3,90,20,15,0.35,0.35
0,"{'amount_lstm': 3, 'lstm_1_units': 90, 'lstm_2_units': 20, 'lstm_3_units': 10, 'dropout': 0.0, 'dropout_recurrent': 0.0}",0.7089452743530273,0.5519999861717224,56,51,3,90,20,10,0.0,0.0
0,"{'amount_lstm': 3, 'lstm_1_units': 90, 'lstm_2_units': 20, 'lstm_3_units': 10, 'dropout': 0.0, 'dropout_recurrent': 0.35}",0.8117489814758301,0.7080000042915344,106,101,3,90,20,10,0.0,0.35
0,"{'amount_lstm': 3, 'lstm_1_units': 90, 'lstm_2_units': 20, 'lstm_3_units': 10, 'dropout': 0.35, 'dropout_recurrent': 0.0}",0.6528704762458801,0.4399999976158142,59,51,3,90,20,10,0.35,0.0
0,"{'amount_lstm': 3, 'lstm_1_units': 90, 'lstm_2_units': 20, 'lstm_3_units': 10, 'dropout': 0.35, 'dropout_recurrent': 0.35}",0.3604806363582611,0.23999999463558197,22,24,3,90,20,10,0.35,0.35
0,"{'amount_lstm': 3, 'lstm_1_units': 45, 'lstm_2_units': 30, 'lstm_3_units': 15, 'dropout': 0.0, 'dropout_recurrent': 0.0}",0.7089452743530273,0.5440000295639038,83,81,3,45,30,15,0.0,0.0
0,"{'amount_lstm': 3, 'lstm_1_units': 45, 'lstm_2_units': 30, 'lstm_3_units': 15, 'dropout': 0.0, 'dropout_recurrent': 0.35}",0.8397864103317261,0.699999988079071,97,94,3,45,30,15,0.0,0.35
0,"{'amount_lstm': 3, 'lstm_1_units': 45, 'lstm_2_units': 30, 'lstm_3_units': 15, 'dropout': 0.35, 'dropout_recurrent': 0.0}",0.46194925904273987,0.3319999873638153,34,19,3,45,30,15,0.35,0.0
0,"{'amount_lstm': 3, 'lstm_1_units': 45, 'lstm_2_units': 30, 'lstm_3_units': 15, 'dropout': 0.35, 'dropout_recurrent': 0.35}",0.3791722357273102,0.2680000066757202,25,25,3,45,30,15,0.35,0.35
0,"{'amount_lstm': 3, 'lstm_1_units': 45, 'lstm_2_units': 30, 'lstm_3_units': 10, 'dropout': 0.0, 'dropout_recurrent': 0.0}",0.7383177280426025,0.6240000128746033,103,111,3,45,30,10,0.0,0.0
0,"{'amount_lstm': 3, 'lstm_1_units': 45, 'lstm_2_units': 30, 'lstm_3_units': 10, 'dropout': 0.0, 'dropout_recurrent': 0.35}",0.7489986419677734,0.6880000233650208,97,93,3,45,30,10,0.0,0.35
0,"{'amount_lstm': 3, 'lstm_1_units': 45, 'lstm_2_units': 30, 'lstm_3_units': 10, 'dropout': 0.35, 'dropout_recurrent': 0.0}",0.3604806363582611,0.21199999749660492,27,24,3,45,30,10,0.35,0.0
0,"{'amount_lstm': 3, 'lstm_1_units': 45, 'lstm_2_units': 30, 'lstm_3_units': 10, 'dropout': 0.35, 'dropout_recurrent': 0.35}",0.5273697972297668,0.31200000643730164,41,28,3,45,30,10,0.35,0.35
0,"{'amount_lstm': 3, 'lstm_1_units': 45, 'lstm_2_units': 20, 'lstm_3_units': 15, 'dropout': 0.0, 'dropout_recurrent': 0.0}",0.7663551568984985,0.6240000128746033,90,81,3,45,20,15,0.0,0.0
0,"{'amount_lstm': 3, 'lstm_1_units': 45, 'lstm_2_units': 20, 'lstm_3_units': 15, 'dropout': 0.0, 'dropout_recurrent': 0.35}",0.822429895401001,0.7200000286102295,106,105,3,45,20,15,0.0,0.35
0,"{'amount_lstm': 3, 'lstm_1_units': 45, 'lstm_2_units': 20, 'lstm_3_units': 15, 'dropout': 0.35, 'dropout_recurrent': 0.0}",0.32977303862571716,0.1720000058412552,14,6,3,45,20,15,0.35,0.0
0,"{'amount_lstm': 3, 'lstm_1_units': 45, 'lstm_2_units': 20, 'lstm_3_units': 15, 'dropout': 0.35, 'dropout_recurrent': 0.35}",0.30974632501602173,0.15199999511241913,24,17,3,45,20,15,0.35,0.35
0,"{'amount_lstm': 3, 'lstm_1_units': 45, 'lstm_2_units': 20, 'lstm_3_units': 10, 'dropout': 0.0, 'dropout_recurrent': 0.0}",0.6061415076255798,0.5479999780654907,44,45,3,45,20,10,0.0,0.0
0,"{'amount_lstm': 3, 'lstm_1_units': 45, 'lstm_2_units': 20, 'lstm_3_units': 10, 'dropout': 0.0, 'dropout_recurrent': 0.35}",0.7543390989303589,0.656000018119812,131,133,3,45,20,10,0.0,0.35
0,"{'amount_lstm': 3, 'lstm_1_units': 45, 'lstm_2_units': 20, 'lstm_3_units': 10, 'dropout': 0.35, 'dropout_recurrent': 0.0}",0.38718292117118835,0.2280000001192093,30,26,3,45,20,10,0.35,0.0
0,"{'amount_lstm': 3, 'lstm_1_units': 45, 'lstm_2_units': 20, 'lstm_3_units': 10, 'dropout': 0.35, 'dropout_recurrent': 0.35}",0.3778371214866638,0.30000001192092896,53,42,3,45,20,10,0.35,0.35
