,exp_name,acc,val_acc,best_epoch_acc,best_epoch_val_acc,dense_units,amount_lstm,lstm_1_units,lstm_2_units,lstm_3_units,dropout,dropout_recurrent
0,"{'dense_units': 90, 'amount_lstm': 1, 'lstm_1_units': 90, 'lstm_2_units': 30, 'lstm_3_units': 15, 'dropout': 0.0, 'dropout_recurrent': 0.0}",0.9786381721496582,0.7319999933242798,21,19,90,1,90,30,15,0.0,0.0
0,"{'dense_units': 90, 'amount_lstm': 1, 'lstm_1_units': 90, 'lstm_2_units': 30, 'lstm_3_units': 15, 'dropout': 0.0, 'dropout_recurrent': 0.35}",0.9679572582244873,0.7799999713897705,40,40,90,1,90,30,15,0.0,0.35
0,"{'dense_units': 90, 'amount_lstm': 1, 'lstm_1_units': 90, 'lstm_2_units': 30, 'lstm_3_units': 15, 'dropout': 0.35, 'dropout_recurrent': 0.0}",0.9599465727806091,0.7360000014305115,26,23,90,1,90,30,15,0.35,0.0
0,"{'dense_units': 90, 'amount_lstm': 1, 'lstm_1_units': 90, 'lstm_2_units': 30, 'lstm_3_units': 15, 'dropout': 0.35, 'dropout_recurrent': 0.35}",0.9092122912406921,0.7720000147819519,54,46,90,1,90,30,15,0.35,0.35
0,"{'dense_units': 90, 'amount_lstm': 1, 'lstm_1_units': 90, 'lstm_2_units': 30, 'lstm_3_units': 10, 'dropout': 0.0, 'dropout_recurrent': 0.0}",0.9946595430374146,0.7440000176429749,28,22,90,1,90,30,10,0.0,0.0
0,"{'dense_units': 90, 'amount_lstm': 1, 'lstm_1_units': 90, 'lstm_2_units': 30, 'lstm_3_units': 10, 'dropout': 0.0, 'dropout_recurrent': 0.35}",0.9439252614974976,0.7599999904632568,36,36,90,1,90,30,10,0.0,0.35
0,"{'dense_units': 90, 'amount_lstm': 1, 'lstm_1_units': 90, 'lstm_2_units': 30, 'lstm_3_units': 10, 'dropout': 0.35, 'dropout_recurrent': 0.0}",0.9759679436683655,0.7559999823570251,29,34,90,1,90,30,10,0.35,0.0
0,"{'dense_units': 90, 'amount_lstm': 1, 'lstm_1_units': 90, 'lstm_2_units': 30, 'lstm_3_units': 10, 'dropout': 0.35, 'dropout_recurrent': 0.35}",0.9092122912406921,0.7480000257492065,52,46,90,1,90,30,10,0.35,0.35
0,"{'dense_units': 90, 'amount_lstm': 1, 'lstm_1_units': 90, 'lstm_2_units': 20, 'lstm_3_units': 15, 'dropout': 0.0, 'dropout_recurrent': 0.0}",0.9906542301177979,0.7039999961853027,24,24,90,1,90,20,15,0.0,0.0
0,"{'dense_units': 90, 'amount_lstm': 1, 'lstm_1_units': 90, 'lstm_2_units': 20, 'lstm_3_units': 15, 'dropout': 0.0, 'dropout_recurrent': 0.35}",0.9559412598609924,0.7400000095367432,37,34,90,1,90,20,15,0.0,0.35
0,"{'dense_units': 90, 'amount_lstm': 1, 'lstm_1_units': 90, 'lstm_2_units': 20, 'lstm_3_units': 15, 'dropout': 0.35, 'dropout_recurrent': 0.0}",0.979973316192627,0.7519999742507935,36,34,90,1,90,20,15,0.35,0.0
0,"{'dense_units': 90, 'amount_lstm': 1, 'lstm_1_units': 90, 'lstm_2_units': 20, 'lstm_3_units': 15, 'dropout': 0.35, 'dropout_recurrent': 0.35}",0.851802408695221,0.7519999742507935,34,31,90,1,90,20,15,0.35,0.35
0,"{'dense_units': 90, 'amount_lstm': 1, 'lstm_1_units': 90, 'lstm_2_units': 20, 'lstm_3_units': 10, 'dropout': 0.0, 'dropout_recurrent': 0.0}",0.9973297715187073,0.7239999771118164,25,18,90,1,90,20,10,0.0,0.0
0,"{'dense_units': 90, 'amount_lstm': 1, 'lstm_1_units': 90, 'lstm_2_units': 20, 'lstm_3_units': 10, 'dropout': 0.0, 'dropout_recurrent': 0.35}",0.9412550330162048,0.7720000147819519,33,34,90,1,90,20,10,0.0,0.35
0,"{'dense_units': 90, 'amount_lstm': 1, 'lstm_1_units': 90, 'lstm_2_units': 20, 'lstm_3_units': 10, 'dropout': 0.35, 'dropout_recurrent': 0.0}",0.9906542301177979,0.7720000147819519,38,29,90,1,90,20,10,0.35,0.0
0,"{'dense_units': 90, 'amount_lstm': 1, 'lstm_1_units': 90, 'lstm_2_units': 20, 'lstm_3_units': 10, 'dropout': 0.35, 'dropout_recurrent': 0.35}",0.9412550330162048,0.8119999766349792,64,56,90,1,90,20,10,0.35,0.35
0,"{'dense_units': 90, 'amount_lstm': 1, 'lstm_1_units': 45, 'lstm_2_units': 30, 'lstm_3_units': 15, 'dropout': 0.0, 'dropout_recurrent': 0.0}",0.9893190860748291,0.699999988079071,32,27,90,1,45,30,15,0.0,0.0
0,"{'dense_units': 90, 'amount_lstm': 1, 'lstm_1_units': 45, 'lstm_2_units': 30, 'lstm_3_units': 15, 'dropout': 0.0, 'dropout_recurrent': 0.35}",0.9853137731552124,0.7680000066757202,68,63,90,1,45,30,15,0.0,0.35
0,"{'dense_units': 90, 'amount_lstm': 1, 'lstm_1_units': 45, 'lstm_2_units': 30, 'lstm_3_units': 15, 'dropout': 0.35, 'dropout_recurrent': 0.0}",0.9492656588554382,0.7200000286102295,43,39,90,1,45,30,15,0.35,0.0
0,"{'dense_units': 90, 'amount_lstm': 1, 'lstm_1_units': 45, 'lstm_2_units': 30, 'lstm_3_units': 15, 'dropout': 0.35, 'dropout_recurrent': 0.35}",0.9118825197219849,0.7799999713897705,79,74,90,1,45,30,15,0.35,0.35
0,"{'dense_units': 90, 'amount_lstm': 1, 'lstm_1_units': 45, 'lstm_2_units': 30, 'lstm_3_units': 10, 'dropout': 0.0, 'dropout_recurrent': 0.0}",0.9973297715187073,0.7440000176429749,42,40,90,1,45,30,10,0.0,0.0
0,"{'dense_units': 90, 'amount_lstm': 1, 'lstm_1_units': 45, 'lstm_2_units': 30, 'lstm_3_units': 10, 'dropout': 0.0, 'dropout_recurrent': 0.35}",0.9385848045349121,0.7599999904632568,48,46,90,1,45,30,10,0.0,0.35
0,"{'dense_units': 90, 'amount_lstm': 1, 'lstm_1_units': 45, 'lstm_2_units': 30, 'lstm_3_units': 10, 'dropout': 0.35, 'dropout_recurrent': 0.0}",0.9305741190910339,0.7480000257492065,40,32,90,1,45,30,10,0.35,0.0
0,"{'dense_units': 90, 'amount_lstm': 1, 'lstm_1_units': 45, 'lstm_2_units': 30, 'lstm_3_units': 10, 'dropout': 0.35, 'dropout_recurrent': 0.35}",0.9038718342781067,0.7799999713897705,78,73,90,1,45,30,10,0.35,0.35
0,"{'dense_units': 90, 'amount_lstm': 1, 'lstm_1_units': 45, 'lstm_2_units': 20, 'lstm_3_units': 15, 'dropout': 0.0, 'dropout_recurrent': 0.0}",0.9866488575935364,0.7160000205039978,35,27,90,1,45,20,15,0.0,0.0
0,"{'dense_units': 90, 'amount_lstm': 1, 'lstm_1_units': 45, 'lstm_2_units': 20, 'lstm_3_units': 15, 'dropout': 0.0, 'dropout_recurrent': 0.35}",0.9412550330162048,0.7360000014305115,48,48,90,1,45,20,15,0.0,0.35
0,"{'dense_units': 90, 'amount_lstm': 1, 'lstm_1_units': 45, 'lstm_2_units': 20, 'lstm_3_units': 15, 'dropout': 0.35, 'dropout_recurrent': 0.0}",0.9479305744171143,0.7559999823570251,43,33,90,1,45,20,15,0.35,0.0
0,"{'dense_units': 90, 'amount_lstm': 1, 'lstm_1_units': 45, 'lstm_2_units': 20, 'lstm_3_units': 15, 'dropout': 0.35, 'dropout_recurrent': 0.35}",0.9425901174545288,0.7919999957084656,99,89,90,1,45,20,15,0.35,0.35
0,"{'dense_units': 90, 'amount_lstm': 1, 'lstm_1_units': 45, 'lstm_2_units': 20, 'lstm_3_units': 10, 'dropout': 0.0, 'dropout_recurrent': 0.0}",0.97062748670578,0.7120000123977661,28,30,90,1,45,20,10,0.0,0.0
0,"{'dense_units': 90, 'amount_lstm': 1, 'lstm_1_units': 45, 'lstm_2_units': 20, 'lstm_3_units': 10, 'dropout': 0.0, 'dropout_recurrent': 0.35}",0.9919893145561218,0.8040000200271606,74,65,90,1,45,20,10,0.0,0.35
0,"{'dense_units': 90, 'amount_lstm': 1, 'lstm_1_units': 45, 'lstm_2_units': 20, 'lstm_3_units': 10, 'dropout': 0.35, 'dropout_recurrent': 0.0}",0.951935887336731,0.7480000257492065,46,38,90,1,45,20,10,0.35,0.0
0,"{'dense_units': 90, 'amount_lstm': 1, 'lstm_1_units': 45, 'lstm_2_units': 20, 'lstm_3_units': 10, 'dropout': 0.35, 'dropout_recurrent': 0.35}",0.921228289604187,0.7879999876022339,91,79,90,1,45,20,10,0.35,0.35
0,"{'dense_units': 90, 'amount_lstm': 2, 'lstm_1_units': 90, 'lstm_2_units': 30, 'lstm_3_units': 15, 'dropout': 0.0, 'dropout_recurrent': 0.0}",0.9853137731552124,0.7319999933242798,28,26,90,2,90,30,15,0.0,0.0
0,"{'dense_units': 90, 'amount_lstm': 2, 'lstm_1_units': 90, 'lstm_2_units': 30, 'lstm_3_units': 15, 'dropout': 0.0, 'dropout_recurrent': 0.35}",0.9546061158180237,0.7799999713897705,34,29,90,2,90,30,15,0.0,0.35
0,"{'dense_units': 90, 'amount_lstm': 2, 'lstm_1_units': 90, 'lstm_2_units': 30, 'lstm_3_units': 15, 'dropout': 0.35, 'dropout_recurrent': 0.0}",0.950600802898407,0.8040000200271606,30,29,90,2,90,30,15,0.35,0.0
0,"{'dense_units': 90, 'amount_lstm': 2, 'lstm_1_units': 90, 'lstm_2_units': 30, 'lstm_3_units': 15, 'dropout': 0.35, 'dropout_recurrent': 0.35}",0.9105473756790161,0.8040000200271606,66,65,90,2,90,30,15,0.35,0.35
0,"{'dense_units': 90, 'amount_lstm': 2, 'lstm_1_units': 90, 'lstm_2_units': 30, 'lstm_3_units': 10, 'dropout': 0.0, 'dropout_recurrent': 0.0}",0.9813084006309509,0.7080000042915344,23,18,90,2,90,30,10,0.0,0.0
0,"{'dense_units': 90, 'amount_lstm': 2, 'lstm_1_units': 90, 'lstm_2_units': 30, 'lstm_3_units': 10, 'dropout': 0.0, 'dropout_recurrent': 0.35}",0.9759679436683655,0.7960000038146973,43,36,90,2,90,30,10,0.0,0.35
0,"{'dense_units': 90, 'amount_lstm': 2, 'lstm_1_units': 90, 'lstm_2_units': 30, 'lstm_3_units': 10, 'dropout': 0.35, 'dropout_recurrent': 0.0}",0.9319092035293579,0.7360000014305115,29,19,90,2,90,30,10,0.35,0.0
0,"{'dense_units': 90, 'amount_lstm': 2, 'lstm_1_units': 90, 'lstm_2_units': 30, 'lstm_3_units': 10, 'dropout': 0.35, 'dropout_recurrent': 0.35}",0.8878504633903503,0.7960000038146973,59,60,90,2,90,30,10,0.35,0.35
0,"{'dense_units': 90, 'amount_lstm': 2, 'lstm_1_units': 90, 'lstm_2_units': 20, 'lstm_3_units': 15, 'dropout': 0.0, 'dropout_recurrent': 0.0}",0.9599465727806091,0.7039999961853027,23,15,90,2,90,20,15,0.0,0.0
0,"{'dense_units': 90, 'amount_lstm': 2, 'lstm_1_units': 90, 'lstm_2_units': 20, 'lstm_3_units': 15, 'dropout': 0.0, 'dropout_recurrent': 0.35}",0.9652870297431946,0.7639999985694885,42,32,90,2,90,20,15,0.0,0.35
0,"{'dense_units': 90, 'amount_lstm': 2, 'lstm_1_units': 90, 'lstm_2_units': 20, 'lstm_3_units': 15, 'dropout': 0.35, 'dropout_recurrent': 0.0}",0.9252336621284485,0.7120000123977661,27,25,90,2,90,20,15,0.35,0.0
0,"{'dense_units': 90, 'amount_lstm': 2, 'lstm_1_units': 90, 'lstm_2_units': 20, 'lstm_3_units': 15, 'dropout': 0.35, 'dropout_recurrent': 0.35}",0.8451268076896667,0.7720000147819519,55,50,90,2,90,20,15,0.35,0.35
0,"{'dense_units': 90, 'amount_lstm': 2, 'lstm_1_units': 90, 'lstm_2_units': 20, 'lstm_3_units': 10, 'dropout': 0.0, 'dropout_recurrent': 0.0}",0.9612817168235779,0.7360000014305115,24,22,90,2,90,20,10,0.0,0.0
0,"{'dense_units': 90, 'amount_lstm': 2, 'lstm_1_units': 90, 'lstm_2_units': 20, 'lstm_3_units': 10, 'dropout': 0.0, 'dropout_recurrent': 0.35}",0.9639519453048706,0.7799999713897705,48,27,90,2,90,20,10,0.0,0.35
0,"{'dense_units': 90, 'amount_lstm': 2, 'lstm_1_units': 90, 'lstm_2_units': 20, 'lstm_3_units': 10, 'dropout': 0.35, 'dropout_recurrent': 0.0}",0.950600802898407,0.7559999823570251,34,22,90,2,90,20,10,0.35,0.0
0,"{'dense_units': 90, 'amount_lstm': 2, 'lstm_1_units': 90, 'lstm_2_units': 20, 'lstm_3_units': 10, 'dropout': 0.35, 'dropout_recurrent': 0.35}",0.8451268076896667,0.7720000147819519,56,48,90,2,90,20,10,0.35,0.35
0,"{'dense_units': 90, 'amount_lstm': 2, 'lstm_1_units': 45, 'lstm_2_units': 30, 'lstm_3_units': 15, 'dropout': 0.0, 'dropout_recurrent': 0.0}",0.9652870297431946,0.7120000123977661,28,22,90,2,45,30,15,0.0,0.0
0,"{'dense_units': 90, 'amount_lstm': 2, 'lstm_1_units': 45, 'lstm_2_units': 30, 'lstm_3_units': 15, 'dropout': 0.0, 'dropout_recurrent': 0.35}",0.9719626307487488,0.7839999794960022,50,46,90,2,45,30,15,0.0,0.35
0,"{'dense_units': 90, 'amount_lstm': 2, 'lstm_1_units': 45, 'lstm_2_units': 30, 'lstm_3_units': 15, 'dropout': 0.35, 'dropout_recurrent': 0.0}",0.9092122912406921,0.7519999742507935,37,29,90,2,45,30,15,0.35,0.0
0,"{'dense_units': 90, 'amount_lstm': 2, 'lstm_1_units': 45, 'lstm_2_units': 30, 'lstm_3_units': 15, 'dropout': 0.35, 'dropout_recurrent': 0.35}",0.8170894384384155,0.7720000147819519,59,53,90,2,45,30,15,0.35,0.35
0,"{'dense_units': 90, 'amount_lstm': 2, 'lstm_1_units': 45, 'lstm_2_units': 30, 'lstm_3_units': 10, 'dropout': 0.0, 'dropout_recurrent': 0.0}",0.9813084006309509,0.7319999933242798,29,14,90,2,45,30,10,0.0,0.0
0,"{'dense_units': 90, 'amount_lstm': 2, 'lstm_1_units': 45, 'lstm_2_units': 30, 'lstm_3_units': 10, 'dropout': 0.0, 'dropout_recurrent': 0.35}",0.9532710313796997,0.7919999957084656,45,45,90,2,45,30,10,0.0,0.35
0,"{'dense_units': 90, 'amount_lstm': 2, 'lstm_1_units': 45, 'lstm_2_units': 30, 'lstm_3_units': 10, 'dropout': 0.35, 'dropout_recurrent': 0.0}",0.9238985180854797,0.7440000176429749,33,33,90,2,45,30,10,0.35,0.0
0,"{'dense_units': 90, 'amount_lstm': 2, 'lstm_1_units': 45, 'lstm_2_units': 30, 'lstm_3_units': 10, 'dropout': 0.35, 'dropout_recurrent': 0.35}",0.8598130941390991,0.7919999957084656,70,62,90,2,45,30,10,0.35,0.35
0,"{'dense_units': 90, 'amount_lstm': 2, 'lstm_1_units': 45, 'lstm_2_units': 20, 'lstm_3_units': 15, 'dropout': 0.0, 'dropout_recurrent': 0.0}",0.9679572582244873,0.699999988079071,31,20,90,2,45,20,15,0.0,0.0
0,"{'dense_units': 90, 'amount_lstm': 2, 'lstm_1_units': 45, 'lstm_2_units': 20, 'lstm_3_units': 15, 'dropout': 0.0, 'dropout_recurrent': 0.35}",0.9786381721496582,0.7799999713897705,67,54,90,2,45,20,15,0.0,0.35
0,"{'dense_units': 90, 'amount_lstm': 2, 'lstm_1_units': 45, 'lstm_2_units': 20, 'lstm_3_units': 15, 'dropout': 0.35, 'dropout_recurrent': 0.0}",0.8998664617538452,0.7480000257492065,39,39,90,2,45,20,15,0.35,0.0
0,"{'dense_units': 90, 'amount_lstm': 2, 'lstm_1_units': 45, 'lstm_2_units': 20, 'lstm_3_units': 15, 'dropout': 0.35, 'dropout_recurrent': 0.35}",0.8304405808448792,0.7480000257492065,82,85,90,2,45,20,15,0.35,0.35
0,"{'dense_units': 90, 'amount_lstm': 2, 'lstm_1_units': 45, 'lstm_2_units': 20, 'lstm_3_units': 10, 'dropout': 0.0, 'dropout_recurrent': 0.0}",0.9746328592300415,0.7039999961853027,35,31,90,2,45,20,10,0.0,0.0
0,"{'dense_units': 90, 'amount_lstm': 2, 'lstm_1_units': 45, 'lstm_2_units': 20, 'lstm_3_units': 10, 'dropout': 0.0, 'dropout_recurrent': 0.35}",0.9666221737861633,0.7879999876022339,56,36,90,2,45,20,10,0.0,0.35
0,"{'dense_units': 90, 'amount_lstm': 2, 'lstm_1_units': 45, 'lstm_2_units': 20, 'lstm_3_units': 10, 'dropout': 0.35, 'dropout_recurrent': 0.0}",0.9359145760536194,0.7760000228881836,51,49,90,2,45,20,10,0.35,0.0
0,"{'dense_units': 90, 'amount_lstm': 2, 'lstm_1_units': 45, 'lstm_2_units': 20, 'lstm_3_units': 10, 'dropout': 0.35, 'dropout_recurrent': 0.35}",0.8157543540000916,0.7799999713897705,71,76,90,2,45,20,10,0.35,0.35
0,"{'dense_units': 90, 'amount_lstm': 3, 'lstm_1_units': 90, 'lstm_2_units': 30, 'lstm_3_units': 15, 'dropout': 0.0, 'dropout_recurrent': 0.0}",0.9813084006309509,0.7400000095367432,37,27,90,3,90,30,15,0.0,0.0
0,"{'dense_units': 90, 'amount_lstm': 3, 'lstm_1_units': 90, 'lstm_2_units': 30, 'lstm_3_units': 15, 'dropout': 0.0, 'dropout_recurrent': 0.35}",0.9158878326416016,0.7559999823570251,34,33,90,3,90,30,15,0.0,0.35
0,"{'dense_units': 90, 'amount_lstm': 3, 'lstm_1_units': 90, 'lstm_2_units': 30, 'lstm_3_units': 15, 'dropout': 0.35, 'dropout_recurrent': 0.0}",0.9559412598609924,0.7599999904632568,45,34,90,3,90,30,15,0.35,0.0
0,"{'dense_units': 90, 'amount_lstm': 3, 'lstm_1_units': 90, 'lstm_2_units': 30, 'lstm_3_units': 15, 'dropout': 0.35, 'dropout_recurrent': 0.35}",0.8758344650268555,0.7799999713897705,77,73,90,3,90,30,15,0.35,0.35
0,"{'dense_units': 90, 'amount_lstm': 3, 'lstm_1_units': 90, 'lstm_2_units': 30, 'lstm_3_units': 10, 'dropout': 0.0, 'dropout_recurrent': 0.0}",0.969292402267456,0.7200000286102295,34,31,90,3,90,30,10,0.0,0.0
0,"{'dense_units': 90, 'amount_lstm': 3, 'lstm_1_units': 90, 'lstm_2_units': 30, 'lstm_3_units': 10, 'dropout': 0.0, 'dropout_recurrent': 0.35}",0.9359145760536194,0.7319999933242798,46,38,90,3,90,30,10,0.0,0.35
0,"{'dense_units': 90, 'amount_lstm': 3, 'lstm_1_units': 90, 'lstm_2_units': 30, 'lstm_3_units': 10, 'dropout': 0.35, 'dropout_recurrent': 0.0}",0.9612817168235779,0.7879999876022339,59,60,90,3,90,30,10,0.35,0.0
0,"{'dense_units': 90, 'amount_lstm': 3, 'lstm_1_units': 90, 'lstm_2_units': 30, 'lstm_3_units': 10, 'dropout': 0.35, 'dropout_recurrent': 0.35}",0.851802408695221,0.7839999794960022,84,76,90,3,90,30,10,0.35,0.35
0,"{'dense_units': 90, 'amount_lstm': 3, 'lstm_1_units': 90, 'lstm_2_units': 20, 'lstm_3_units': 15, 'dropout': 0.0, 'dropout_recurrent': 0.0}",0.9652870297431946,0.7039999961853027,45,44,90,3,90,20,15,0.0,0.0
0,"{'dense_units': 90, 'amount_lstm': 3, 'lstm_1_units': 90, 'lstm_2_units': 20, 'lstm_3_units': 15, 'dropout': 0.0, 'dropout_recurrent': 0.35}",0.9399198889732361,0.7760000228881836,44,37,90,3,90,20,15,0.0,0.35
0,"{'dense_units': 90, 'amount_lstm': 3, 'lstm_1_units': 90, 'lstm_2_units': 20, 'lstm_3_units': 15, 'dropout': 0.35, 'dropout_recurrent': 0.0}",0.9439252614974976,0.7599999904632568,41,27,90,3,90,20,15,0.35,0.0
0,"{'dense_units': 90, 'amount_lstm': 3, 'lstm_1_units': 90, 'lstm_2_units': 20, 'lstm_3_units': 15, 'dropout': 0.35, 'dropout_recurrent': 0.35}",0.7997329831123352,0.7760000228881836,62,64,90,3,90,20,15,0.35,0.35
0,"{'dense_units': 90, 'amount_lstm': 3, 'lstm_1_units': 90, 'lstm_2_units': 20, 'lstm_3_units': 10, 'dropout': 0.0, 'dropout_recurrent': 0.0}",0.9652870297431946,0.7200000286102295,31,23,90,3,90,20,10,0.0,0.0
0,"{'dense_units': 90, 'amount_lstm': 3, 'lstm_1_units': 90, 'lstm_2_units': 20, 'lstm_3_units': 10, 'dropout': 0.0, 'dropout_recurrent': 0.35}",0.9759679436683655,0.800000011920929,67,54,90,3,90,20,10,0.0,0.35
0,"{'dense_units': 90, 'amount_lstm': 3, 'lstm_1_units': 90, 'lstm_2_units': 20, 'lstm_3_units': 10, 'dropout': 0.35, 'dropout_recurrent': 0.0}",0.7983978390693665,0.6439999938011169,37,32,90,3,90,20,10,0.35,0.0
0,"{'dense_units': 90, 'amount_lstm': 3, 'lstm_1_units': 90, 'lstm_2_units': 20, 'lstm_3_units': 10, 'dropout': 0.35, 'dropout_recurrent': 0.35}",0.8544726371765137,0.7919999957084656,106,100,90,3,90,20,10,0.35,0.35
0,"{'dense_units': 90, 'amount_lstm': 3, 'lstm_1_units': 45, 'lstm_2_units': 30, 'lstm_3_units': 15, 'dropout': 0.0, 'dropout_recurrent': 0.0}",0.9572763442993164,0.699999988079071,31,16,90,3,45,30,15,0.0,0.0
0,"{'dense_units': 90, 'amount_lstm': 3, 'lstm_1_units': 45, 'lstm_2_units': 30, 'lstm_3_units': 15, 'dropout': 0.0, 'dropout_recurrent': 0.35}",0.9612817168235779,0.7799999713897705,55,59,90,3,45,30,15,0.0,0.35
0,"{'dense_units': 90, 'amount_lstm': 3, 'lstm_1_units': 45, 'lstm_2_units': 30, 'lstm_3_units': 15, 'dropout': 0.35, 'dropout_recurrent': 0.0}",0.8905206918716431,0.7200000286102295,42,42,90,3,45,30,15,0.35,0.0
0,"{'dense_units': 90, 'amount_lstm': 3, 'lstm_1_units': 45, 'lstm_2_units': 30, 'lstm_3_units': 15, 'dropout': 0.35, 'dropout_recurrent': 0.35}",0.8277703523635864,0.7839999794960022,88,76,90,3,45,30,15,0.35,0.35
0,"{'dense_units': 90, 'amount_lstm': 3, 'lstm_1_units': 45, 'lstm_2_units': 30, 'lstm_3_units': 10, 'dropout': 0.0, 'dropout_recurrent': 0.0}",0.9786381721496582,0.6759999990463257,47,44,90,3,45,30,10,0.0,0.0
0,"{'dense_units': 90, 'amount_lstm': 3, 'lstm_1_units': 45, 'lstm_2_units': 30, 'lstm_3_units': 10, 'dropout': 0.0, 'dropout_recurrent': 0.35}",0.9279038906097412,0.7319999933242798,48,44,90,3,45,30,10,0.0,0.35
0,"{'dense_units': 90, 'amount_lstm': 3, 'lstm_1_units': 45, 'lstm_2_units': 30, 'lstm_3_units': 10, 'dropout': 0.35, 'dropout_recurrent': 0.0}",0.87049400806427,0.6919999718666077,42,38,90,3,45,30,10,0.35,0.0
0,"{'dense_units': 90, 'amount_lstm': 3, 'lstm_1_units': 45, 'lstm_2_units': 30, 'lstm_3_units': 10, 'dropout': 0.35, 'dropout_recurrent': 0.35}",0.6288384795188904,0.6520000100135803,62,64,90,3,45,30,10,0.35,0.35
0,"{'dense_units': 90, 'amount_lstm': 3, 'lstm_1_units': 45, 'lstm_2_units': 20, 'lstm_3_units': 15, 'dropout': 0.0, 'dropout_recurrent': 0.0}",0.9773030877113342,0.6520000100135803,45,27,90,3,45,20,15,0.0,0.0
0,"{'dense_units': 90, 'amount_lstm': 3, 'lstm_1_units': 45, 'lstm_2_units': 20, 'lstm_3_units': 15, 'dropout': 0.0, 'dropout_recurrent': 0.35}",0.9105473756790161,0.7160000205039978,52,52,90,3,45,20,15,0.0,0.35
0,"{'dense_units': 90, 'amount_lstm': 3, 'lstm_1_units': 45, 'lstm_2_units': 20, 'lstm_3_units': 15, 'dropout': 0.35, 'dropout_recurrent': 0.0}",0.8691588640213013,0.6880000233650208,40,30,90,3,45,20,15,0.35,0.0
0,"{'dense_units': 90, 'amount_lstm': 3, 'lstm_1_units': 45, 'lstm_2_units': 20, 'lstm_3_units': 15, 'dropout': 0.35, 'dropout_recurrent': 0.35}",0.6809079051017761,0.6759999990463257,65,62,90,3,45,20,15,0.35,0.35
0,"{'dense_units': 90, 'amount_lstm': 3, 'lstm_1_units': 45, 'lstm_2_units': 20, 'lstm_3_units': 10, 'dropout': 0.0, 'dropout_recurrent': 0.0}",0.9586114883422852,0.6800000071525574,47,47,90,3,45,20,10,0.0,0.0
0,"{'dense_units': 90, 'amount_lstm': 3, 'lstm_1_units': 45, 'lstm_2_units': 20, 'lstm_3_units': 10, 'dropout': 0.0, 'dropout_recurrent': 0.35}",0.9612817168235779,0.7639999985694885,69,66,90,3,45,20,10,0.0,0.35
0,"{'dense_units': 90, 'amount_lstm': 3, 'lstm_1_units': 45, 'lstm_2_units': 20, 'lstm_3_units': 10, 'dropout': 0.35, 'dropout_recurrent': 0.0}",0.9118825197219849,0.7480000257492065,57,57,90,3,45,20,10,0.35,0.0
0,"{'dense_units': 90, 'amount_lstm': 3, 'lstm_1_units': 45, 'lstm_2_units': 20, 'lstm_3_units': 10, 'dropout': 0.35, 'dropout_recurrent': 0.35}",0.8170894384384155,0.7720000147819519,118,112,90,3,45,20,10,0.35,0.35
0,"{'dense_units': 45, 'amount_lstm': 1, 'lstm_1_units': 90, 'lstm_2_units': 30, 'lstm_3_units': 15, 'dropout': 0.0, 'dropout_recurrent': 0.0}",0.9813084006309509,0.6840000152587891,27,27,45,1,90,30,15,0.0,0.0
0,"{'dense_units': 45, 'amount_lstm': 1, 'lstm_1_units': 90, 'lstm_2_units': 30, 'lstm_3_units': 15, 'dropout': 0.0, 'dropout_recurrent': 0.35}",0.9612817168235779,0.7799999713897705,52,47,45,1,90,30,15,0.0,0.35
0,"{'dense_units': 45, 'amount_lstm': 1, 'lstm_1_units': 90, 'lstm_2_units': 30, 'lstm_3_units': 15, 'dropout': 0.35, 'dropout_recurrent': 0.0}",0.9345794320106506,0.7039999961853027,34,32,45,1,90,30,15,0.35,0.0
0,"{'dense_units': 45, 'amount_lstm': 1, 'lstm_1_units': 90, 'lstm_2_units': 30, 'lstm_3_units': 15, 'dropout': 0.35, 'dropout_recurrent': 0.35}",0.9332443475723267,0.8119999766349792,96,97,45,1,90,30,15,0.35,0.35
0,"{'dense_units': 45, 'amount_lstm': 1, 'lstm_1_units': 90, 'lstm_2_units': 30, 'lstm_3_units': 10, 'dropout': 0.0, 'dropout_recurrent': 0.0}",0.9746328592300415,0.6959999799728394,27,19,45,1,90,30,10,0.0,0.0
0,"{'dense_units': 45, 'amount_lstm': 1, 'lstm_1_units': 90, 'lstm_2_units': 30, 'lstm_3_units': 10, 'dropout': 0.0, 'dropout_recurrent': 0.35}",0.969292402267456,0.7720000147819519,62,57,45,1,90,30,10,0.0,0.35
0,"{'dense_units': 45, 'amount_lstm': 1, 'lstm_1_units': 90, 'lstm_2_units': 30, 'lstm_3_units': 10, 'dropout': 0.35, 'dropout_recurrent': 0.0}",0.9305741190910339,0.7200000286102295,31,30,45,1,90,30,10,0.35,0.0
0,"{'dense_units': 45, 'amount_lstm': 1, 'lstm_1_units': 90, 'lstm_2_units': 30, 'lstm_3_units': 10, 'dropout': 0.35, 'dropout_recurrent': 0.35}",0.9038718342781067,0.7799999713897705,75,77,45,1,90,30,10,0.35,0.35
0,"{'dense_units': 45, 'amount_lstm': 1, 'lstm_1_units': 90, 'lstm_2_units': 20, 'lstm_3_units': 15, 'dropout': 0.0, 'dropout_recurrent': 0.0}",0.9586114883422852,0.7200000286102295,24,23,45,1,90,20,15,0.0,0.0
0,"{'dense_units': 45, 'amount_lstm': 1, 'lstm_1_units': 90, 'lstm_2_units': 20, 'lstm_3_units': 15, 'dropout': 0.0, 'dropout_recurrent': 0.35}",0.9532710313796997,0.7480000257492065,50,50,45,1,90,20,15,0.0,0.35
0,"{'dense_units': 45, 'amount_lstm': 1, 'lstm_1_units': 90, 'lstm_2_units': 20, 'lstm_3_units': 15, 'dropout': 0.35, 'dropout_recurrent': 0.0}",0.9185580611228943,0.6800000071525574,33,27,45,1,90,20,15,0.35,0.0
0,"{'dense_units': 45, 'amount_lstm': 1, 'lstm_1_units': 90, 'lstm_2_units': 20, 'lstm_3_units': 15, 'dropout': 0.35, 'dropout_recurrent': 0.35}",0.8785046935081482,0.7680000066757202,69,62,45,1,90,20,15,0.35,0.35
0,"{'dense_units': 45, 'amount_lstm': 1, 'lstm_1_units': 90, 'lstm_2_units': 20, 'lstm_3_units': 10, 'dropout': 0.0, 'dropout_recurrent': 0.0}",0.9652870297431946,0.6880000233650208,23,22,45,1,90,20,10,0.0,0.0
0,"{'dense_units': 45, 'amount_lstm': 1, 'lstm_1_units': 90, 'lstm_2_units': 20, 'lstm_3_units': 10, 'dropout': 0.0, 'dropout_recurrent': 0.35}",0.9479305744171143,0.7720000147819519,53,39,45,1,90,20,10,0.0,0.35
0,"{'dense_units': 45, 'amount_lstm': 1, 'lstm_1_units': 90, 'lstm_2_units': 20, 'lstm_3_units': 10, 'dropout': 0.35, 'dropout_recurrent': 0.0}",0.8758344650268555,0.6800000071525574,23,21,45,1,90,20,10,0.35,0.0
0,"{'dense_units': 45, 'amount_lstm': 1, 'lstm_1_units': 90, 'lstm_2_units': 20, 'lstm_3_units': 10, 'dropout': 0.35, 'dropout_recurrent': 0.35}",0.8384512662887573,0.7559999823570251,52,49,45,1,90,20,10,0.35,0.35
0,"{'dense_units': 45, 'amount_lstm': 1, 'lstm_1_units': 45, 'lstm_2_units': 30, 'lstm_3_units': 15, 'dropout': 0.0, 'dropout_recurrent': 0.0}",0.9746328592300415,0.6840000152587891,42,41,45,1,45,30,15,0.0,0.0
0,"{'dense_units': 45, 'amount_lstm': 1, 'lstm_1_units': 45, 'lstm_2_units': 30, 'lstm_3_units': 15, 'dropout': 0.0, 'dropout_recurrent': 0.35}",0.9305741190910339,0.7400000095367432,61,53,45,1,45,30,15,0.0,0.35
0,"{'dense_units': 45, 'amount_lstm': 1, 'lstm_1_units': 45, 'lstm_2_units': 30, 'lstm_3_units': 15, 'dropout': 0.35, 'dropout_recurrent': 0.0}",0.9359145760536194,0.7120000123977661,54,41,45,1,45,30,15,0.35,0.0
0,"{'dense_units': 45, 'amount_lstm': 1, 'lstm_1_units': 45, 'lstm_2_units': 30, 'lstm_3_units': 15, 'dropout': 0.35, 'dropout_recurrent': 0.35}",0.9105473756790161,0.8080000281333923,141,137,45,1,45,30,15,0.35,0.35
0,"{'dense_units': 45, 'amount_lstm': 1, 'lstm_1_units': 45, 'lstm_2_units': 30, 'lstm_3_units': 10, 'dropout': 0.0, 'dropout_recurrent': 0.0}",0.9652870297431946,0.6959999799728394,34,34,45,1,45,30,10,0.0,0.0
0,"{'dense_units': 45, 'amount_lstm': 1, 'lstm_1_units': 45, 'lstm_2_units': 30, 'lstm_3_units': 10, 'dropout': 0.0, 'dropout_recurrent': 0.35}",0.9586114883422852,0.7839999794960022,75,78,45,1,45,30,10,0.0,0.35
0,"{'dense_units': 45, 'amount_lstm': 1, 'lstm_1_units': 45, 'lstm_2_units': 30, 'lstm_3_units': 10, 'dropout': 0.35, 'dropout_recurrent': 0.0}",0.9052069187164307,0.7239999771118164,47,43,45,1,45,30,10,0.35,0.0
0,"{'dense_units': 45, 'amount_lstm': 1, 'lstm_1_units': 45, 'lstm_2_units': 30, 'lstm_3_units': 10, 'dropout': 0.35, 'dropout_recurrent': 0.35}",0.8584779500961304,0.7839999794960022,103,102,45,1,45,30,10,0.35,0.35
0,"{'dense_units': 45, 'amount_lstm': 1, 'lstm_1_units': 45, 'lstm_2_units': 20, 'lstm_3_units': 15, 'dropout': 0.0, 'dropout_recurrent': 0.0}",0.9572763442993164,0.628000020980835,34,29,45,1,45,20,15,0.0,0.0
0,"{'dense_units': 45, 'amount_lstm': 1, 'lstm_1_units': 45, 'lstm_2_units': 20, 'lstm_3_units': 15, 'dropout': 0.0, 'dropout_recurrent': 0.35}",0.9626168012619019,0.7760000228881836,81,54,45,1,45,20,15,0.0,0.35
0,"{'dense_units': 45, 'amount_lstm': 1, 'lstm_1_units': 45, 'lstm_2_units': 20, 'lstm_3_units': 15, 'dropout': 0.35, 'dropout_recurrent': 0.0}",0.9105473756790161,0.6800000071525574,46,32,45,1,45,20,15,0.35,0.0
0,"{'dense_units': 45, 'amount_lstm': 1, 'lstm_1_units': 45, 'lstm_2_units': 20, 'lstm_3_units': 15, 'dropout': 0.35, 'dropout_recurrent': 0.35}",0.8651535511016846,0.7599999904632568,101,98,45,1,45,20,15,0.35,0.35
0,"{'dense_units': 45, 'amount_lstm': 1, 'lstm_1_units': 45, 'lstm_2_units': 20, 'lstm_3_units': 10, 'dropout': 0.0, 'dropout_recurrent': 0.0}",0.9065420627593994,0.6600000262260437,26,23,45,1,45,20,10,0.0,0.0
0,"{'dense_units': 45, 'amount_lstm': 1, 'lstm_1_units': 45, 'lstm_2_units': 20, 'lstm_3_units': 10, 'dropout': 0.0, 'dropout_recurrent': 0.35}",0.9492656588554382,0.7559999823570251,68,62,45,1,45,20,10,0.0,0.35
0,"{'dense_units': 45, 'amount_lstm': 1, 'lstm_1_units': 45, 'lstm_2_units': 20, 'lstm_3_units': 10, 'dropout': 0.35, 'dropout_recurrent': 0.0}",0.8838451504707336,0.6880000233650208,42,38,45,1,45,20,10,0.35,0.0
0,"{'dense_units': 45, 'amount_lstm': 1, 'lstm_1_units': 45, 'lstm_2_units': 20, 'lstm_3_units': 10, 'dropout': 0.35, 'dropout_recurrent': 0.35}",0.8958611488342285,0.7839999794960022,114,116,45,1,45,20,10,0.35,0.35
0,"{'dense_units': 45, 'amount_lstm': 2, 'lstm_1_units': 90, 'lstm_2_units': 30, 'lstm_3_units': 15, 'dropout': 0.0, 'dropout_recurrent': 0.0}",0.9773030877113342,0.6840000152587891,30,22,45,2,90,30,15,0.0,0.0
0,"{'dense_units': 45, 'amount_lstm': 2, 'lstm_1_units': 90, 'lstm_2_units': 30, 'lstm_3_units': 15, 'dropout': 0.0, 'dropout_recurrent': 0.35}",0.9532710313796997,0.7799999713897705,46,46,45,2,90,30,15,0.0,0.35
0,"{'dense_units': 45, 'amount_lstm': 2, 'lstm_1_units': 90, 'lstm_2_units': 30, 'lstm_3_units': 15, 'dropout': 0.35, 'dropout_recurrent': 0.0}",0.9372496604919434,0.7519999742507935,37,36,45,2,90,30,15,0.35,0.0
0,"{'dense_units': 45, 'amount_lstm': 2, 'lstm_1_units': 90, 'lstm_2_units': 30, 'lstm_3_units': 15, 'dropout': 0.35, 'dropout_recurrent': 0.35}",0.8611481785774231,0.7480000257492065,72,70,45,2,90,30,15,0.35,0.35
0,"{'dense_units': 45, 'amount_lstm': 2, 'lstm_1_units': 90, 'lstm_2_units': 30, 'lstm_3_units': 10, 'dropout': 0.0, 'dropout_recurrent': 0.0}",0.9813084006309509,0.7519999742507935,29,20,45,2,90,30,10,0.0,0.0
0,"{'dense_units': 45, 'amount_lstm': 2, 'lstm_1_units': 90, 'lstm_2_units': 30, 'lstm_3_units': 10, 'dropout': 0.0, 'dropout_recurrent': 0.35}",0.9465954899787903,0.7720000147819519,46,44,45,2,90,30,10,0.0,0.35
0,"{'dense_units': 45, 'amount_lstm': 2, 'lstm_1_units': 90, 'lstm_2_units': 30, 'lstm_3_units': 10, 'dropout': 0.35, 'dropout_recurrent': 0.0}",0.9145527482032776,0.7720000147819519,29,25,45,2,90,30,10,0.35,0.0
0,"{'dense_units': 45, 'amount_lstm': 2, 'lstm_1_units': 90, 'lstm_2_units': 30, 'lstm_3_units': 10, 'dropout': 0.35, 'dropout_recurrent': 0.35}",0.7903871536254883,0.7440000176429749,50,46,45,2,90,30,10,0.35,0.35
0,"{'dense_units': 45, 'amount_lstm': 2, 'lstm_1_units': 90, 'lstm_2_units': 20, 'lstm_3_units': 15, 'dropout': 0.0, 'dropout_recurrent': 0.0}",0.9773030877113342,0.7120000123977661,33,28,45,2,90,20,15,0.0,0.0
0,"{'dense_units': 45, 'amount_lstm': 2, 'lstm_1_units': 90, 'lstm_2_units': 20, 'lstm_3_units': 15, 'dropout': 0.0, 'dropout_recurrent': 0.35}",0.9345794320106506,0.7839999794960022,48,37,45,2,90,20,15,0.0,0.35
0,"{'dense_units': 45, 'amount_lstm': 2, 'lstm_1_units': 90, 'lstm_2_units': 20, 'lstm_3_units': 15, 'dropout': 0.35, 'dropout_recurrent': 0.0}",0.8918558359146118,0.7400000095367432,37,29,45,2,90,20,15,0.35,0.0
0,"{'dense_units': 45, 'amount_lstm': 2, 'lstm_1_units': 90, 'lstm_2_units': 20, 'lstm_3_units': 15, 'dropout': 0.35, 'dropout_recurrent': 0.35}",0.8291054964065552,0.7919999957084656,60,59,45,2,90,20,15,0.35,0.35
0,"{'dense_units': 45, 'amount_lstm': 2, 'lstm_1_units': 90, 'lstm_2_units': 20, 'lstm_3_units': 10, 'dropout': 0.0, 'dropout_recurrent': 0.0}",0.9626168012619019,0.7360000014305115,28,23,45,2,90,20,10,0.0,0.0
0,"{'dense_units': 45, 'amount_lstm': 2, 'lstm_1_units': 90, 'lstm_2_units': 20, 'lstm_3_units': 10, 'dropout': 0.0, 'dropout_recurrent': 0.35}",0.8865153789520264,0.7480000257492065,31,33,45,2,90,20,10,0.0,0.35
0,"{'dense_units': 45, 'amount_lstm': 2, 'lstm_1_units': 90, 'lstm_2_units': 20, 'lstm_3_units': 10, 'dropout': 0.35, 'dropout_recurrent': 0.0}",0.9292389750480652,0.7319999933242798,42,34,45,2,90,20,10,0.35,0.0
0,"{'dense_units': 45, 'amount_lstm': 2, 'lstm_1_units': 90, 'lstm_2_units': 20, 'lstm_3_units': 10, 'dropout': 0.35, 'dropout_recurrent': 0.35}",0.8357810378074646,0.7799999713897705,74,69,45,2,90,20,10,0.35,0.35
0,"{'dense_units': 45, 'amount_lstm': 2, 'lstm_1_units': 45, 'lstm_2_units': 30, 'lstm_3_units': 15, 'dropout': 0.0, 'dropout_recurrent': 0.0}",0.950600802898407,0.6880000233650208,24,25,45,2,45,30,15,0.0,0.0
0,"{'dense_units': 45, 'amount_lstm': 2, 'lstm_1_units': 45, 'lstm_2_units': 30, 'lstm_3_units': 15, 'dropout': 0.0, 'dropout_recurrent': 0.35}",0.8931909203529358,0.7400000095367432,44,35,45,2,45,30,15,0.0,0.35
0,"{'dense_units': 45, 'amount_lstm': 2, 'lstm_1_units': 45, 'lstm_2_units': 30, 'lstm_3_units': 15, 'dropout': 0.35, 'dropout_recurrent': 0.0}",0.9238985180854797,0.7480000257492065,55,51,45,2,45,30,15,0.35,0.0
0,"{'dense_units': 45, 'amount_lstm': 2, 'lstm_1_units': 45, 'lstm_2_units': 30, 'lstm_3_units': 15, 'dropout': 0.35, 'dropout_recurrent': 0.35}",0.7890520691871643,0.7639999985694885,77,67,45,2,45,30,15,0.35,0.35
